Skill,2000,2001,2002,2003,2004,2005,2006,2007,2008,2009,2010,2011,2012,2013,2014,2015,2016,2017,2018,2019,2020,2021,2022,2023,2024,Average_Relevance,Growth_Rate_%,Max_Relevance,Min_Relevance,StdDev_Relevance,Trend_Direction
ada,0.42,0.42,0.3,0.22,0.42,0.3,0.22,0.21,0.22,0.5,0.21,0.17,0.44,0.41,0.7,0.32,0.14,0.48,0.33,0.38,0.42,0.49,0.54,0.41,0.28,0.358,-2.38,0.7,0.14,0.144,Stable
agda,0.32,0.32,0.53,0.38,0.32,0.53,0.38,0.4,0.16,0.28,0.5,0.33,0.4,0.44,0.54,0.39,0.34,0.12,0.13,0.18,0.32,0.15,0.36,0.38,0.4,0.344,18.75,0.54,0.12,0.129,Stable
assembly,0.47,0.47,0.31,0.31,0.47,0.31,0.31,0.23,0.4,0.35,0.24,0.29,0.34,0.26,0.54,0.45,0.14,0.41,0.43,0.11,0.6,0.14,0.28,0.29,0.3,0.338,-38.3,0.6,0.11,0.13,Decreasing
ats,0.24,0.24,0.49,0.29,0.24,0.49,0.29,0.62,0.3,0.33,0.22,0.51,0.26,0.31,0.16,0.23,0.68,0.48,0.51,0.21,0.48,0.45,0.45,0.43,0.41,0.3728,79.17,0.68,0.16,0.146,Increasing
awk,0.6,0.6,0.45,0.71,0.6,0.45,0.71,0.77,0.45,0.31,0.7,0.4,0.24,0.54,0.42,0.31,0.67,0.54,0.12,0.71,0.27,0.14,0.21,0.53,0.85,0.492,-11.67,0.85,0.12,0.202,Stable
ballerina,0.2,0.2,0.29,0.47,0.2,0.29,0.47,0.31,0.47,0.38,0.19,0.36,0.43,0.22,0.45,0.19,0.29,0.41,0.3,0.44,0.76,0.55,0.43,0.39,0.35,0.3616,95.0,0.76,0.19,0.138,Increasing
bash,0.0,0.0,0.0,0.0,0.0,0.0,0.0,0.0,0.002139207,0.008913362,0.021273224,0.045636414,0.085687121,0.1417818801251832,0.1959751218159489,0.262924375,0.3591490710295923,0.4770431406726617,0.5274333478588124,0.6066632333716278,0.6719090440914313,0.6947668660618785,0.8592481083864834,1.0,1.0,0.2784,-46.43,1.0,0.0,0.152,Decreasing
bosque,0.26,0.26,0.64,0.54,0.26,0.64,0.54,0.4,0.53,0.15,0.38,0.59,0.37,0.35,0.34,0.38,0.28,0.35,0.53,0.21,0.36,0.27,0.33,0.41,0.49,0.3944,57.69,0.64,0.15,0.127,Increasing
c,0.28,0.28,0.3,0.51,0.28,0.3,0.51,0.48,0.15,0.31,0.31,0.49,0.42,0.38,0.43,0.21,0.16,0.22,0.15,0.37,0.22,0.28,0.46,0.3,0.14,0.3176,7.14,0.51,0.14,0.117,Stable
c#,0.0,0.0,0.0,0.0,0.0,0.0,0.0,0.0,0.001339571,0.006171951,0.014239148,0.029738486,0.06329227,0.1090708831744866,0.1692771771756872,0.2397435961043278,0.3151019314635562,0.4192263230748622,0.5228843453712846,0.5872532335766061,0.6873539495031182,0.7274418650803495,0.8892273649637572,1.0,1.0,0.2713,9.09,1.0,0.0,0.161,Stable
c++,0.0,0.0,0.0,0.0,0.0,0.0,0.0,0.0,0.001339571,0.006171951,0.014239148,0.029738486,0.06329227,0.1090708831744866,0.1692771771756872,0.2397435961043278,0.3151019314635562,0.4192263230748622,0.5228843453712846,0.5872532335766061,0.6873539495031182,0.7274418650803495,0.8892273649637572,1.0,1.0,0.2713,-44.07,1.0,0.0,0.139,Decreasing
chisel,0.18,0.18,0.26,0.46,0.18,0.26,0.46,0.11,0.34,0.24,0.26,0.33,0.43,0.34,0.48,0.34,0.47,0.4,0.44,0.45,0.29,0.33,0.29,0.23,0.17,0.3168,27.78,0.48,0.11,0.103,Stable
clojure,0.42,0.42,0.53,0.36,0.42,0.53,0.36,0.4,0.27,0.59,0.14,0.26,0.32,0.18,0.34,0.14,0.25,0.14,0.17,0.43,0.36,0.47,0.35,0.69,1.0,0.3816,64.29,1.0,0.14,0.154,Increasing
cobol,0.35,0.35,0.57,0.49,0.35,0.57,0.49,0.57,0.59,0.39,0.45,0.45,0.14,0.13,0.56,0.38,0.24,0.37,0.31,0.47,0.31,0.6,0.32,0.56,0.8,0.4324,60.0,0.8,0.13,0.144,Increasing
crystal,0.22,0.22,0.42,0.23,0.22,0.42,0.23,0.15,0.23,0.29,0.61,0.49,0.58,0.52,0.18,0.17,0.25,0.26,0.27,0.3,0.54,0.26,0.4,0.51,0.62,0.3436,131.82,0.62,0.15,0.149,Increasing
dart,0.42,0.42,0.33,0.26,0.42,0.33,0.26,0.65,0.36,0.25,0.42,0.16,0.34,0.28,0.26,0.38,0.24,0.58,0.44,0.73,0.49,0.22,0.24,0.35,0.46,0.3716,-16.67,0.73,0.16,0.15,Stable
datalog,0.22,0.22,0.45,0.2,0.22,0.45,0.2,0.68,0.26,0.41,0.5,0.33,0.22,0.34,0.42,0.35,0.37,0.41,0.27,0.39,0.33,0.69,0.44,0.33,0.22,0.3568,50.0,0.69,0.2,0.132,Increasing
elixir,0.39,0.39,0.28,0.24,0.39,0.28,0.24,0.5,0.25,0.33,0.14,0.15,0.59,0.15,0.57,0.34,0.44,0.16,0.33,0.3,0.47,0.16,0.71,0.53,0.35,0.3472,35.9,0.71,0.14,0.169,Increasing
erlang,0.25,0.25,0.37,0.28,0.25,0.37,0.28,0.17,0.19,0.3,0.37,0.33,0.18,0.23,0.39,0.16,0.43,0.4,0.22,0.18,0.28,0.23,0.24,0.19,0.14,0.2672,-24.0,0.43,0.14,0.086,Stable
f#,0.29,0.29,0.22,0.39,0.29,0.22,0.39,0.34,0.57,0.18,0.26,0.51,0.42,0.28,0.45,0.34,0.52,0.5,0.35,0.33,0.24,0.16,0.49,0.39,0.29,0.3484,34.48,0.57,0.16,0.12,Stable
forth,0.34,0.34,0.21,0.24,0.34,0.21,0.24,0.23,0.23,0.22,0.59,0.48,0.36,0.51,0.18,0.41,0.39,0.37,0.21,0.23,0.32,0.37,0.22,0.32,0.42,0.3192,-5.88,0.59,0.18,0.114,Stable
fortran,0.45,0.45,0.42,0.34,0.45,0.42,0.34,0.41,0.27,0.56,0.83,0.13,0.25,0.31,0.45,0.22,0.3,0.28,0.22,0.19,0.61,0.37,0.26,0.27,0.28,0.3632,-40.0,0.83,0.13,0.165,Decreasing
gleam,0.24,0.24,0.39,0.54,0.24,0.39,0.54,0.21,0.43,0.37,0.19,0.38,0.18,0.62,0.55,0.47,0.62,0.39,0.71,0.53,0.19,0.26,0.33,0.25,0.17,0.3772,4.17,0.71,0.17,0.163,Stable
go,0.37,0.37,0.38,0.42,0.37,0.38,0.42,0.57,0.34,0.22,0.35,0.18,0.51,0.22,0.61,0.2,0.42,0.47,0.3,0.28,0.37,0.61,0.33,0.6,0.87,0.4064,62.16,0.87,0.18,0.138,Increasing
hack,0.28,0.28,0.3,0.28,0.28,0.3,0.28,0.31,0.26,0.4,0.56,0.22,0.29,0.18,0.25,0.36,0.16,0.75,0.39,0.42,0.27,0.31,0.17,0.49,0.81,0.344,75.0,0.81,0.16,0.142,Increasing
haskell,0.27,0.27,0.38,0.11,0.27,0.38,0.11,0.29,0.26,0.49,0.13,0.39,0.48,0.33,0.28,0.56,0.53,0.55,0.18,0.34,0.45,0.45,0.5,0.25,0.0,0.33,-7.41,0.56,0.0,0.138,Stable
html,0.0,0.0,0.0,0.0,0.0,0.0,0.0,0.0,0.000350362,0.001118899,0.002720958,0.005758372,0.012012619,0.021003364,0.033694103,0.052455431,0.080651109,0.1235280904273429,0.1579455215098348,0.2092241314762255,0.3602457621012688,0.507712912,0.7328092970294092,1.0,1.0,0.172,-60.47,1.0,0.0,0.092,Decreasing
idris,0.28,0.28,0.14,0.27,0.28,0.14,0.27,0.26,0.26,0.31,0.59,0.2,0.51,0.24,0.58,0.16,0.24,0.36,0.44,0.27,0.23,0.26,0.4,0.15,0.0,0.2848,-46.43,0.59,0.0,0.133,Decreasing
io,0.27,0.27,0.35,0.21,0.27,0.35,0.21,0.33,0.45,0.32,0.61,0.37,0.53,0.39,0.13,0.46,0.49,0.18,0.22,0.48,0.34,0.45,0.17,0.42,0.67,0.3576,55.56,0.67,0.13,0.131,Increasing
java,0.0,0.0,0.0,0.0,0.0,0.0,0.0,0.0,0.000372636,0.001734827,0.004201124,0.010302691,0.021861302,0.043341688,0.073783275,0.1270881407956189,0.1964425699175232,0.2891971491978669,0.3689674399090216,0.4306207284892515,0.5454132669397489,0.6468475008556823,0.848286151,1.0,1.0,0.2243,113.89,1.0,0.0,0.159,Increasing
javascript,0.0,0.0,0.0,0.0,0.0,0.0,0.0,0.0,0.000981013,0.003217634,0.007135043,0.0147617,0.027820468,0.046845035,0.068177087,0.096314225,0.1437217377439799,0.2352681952459619,0.2883359095076333,0.3238162515999592,0.5189182725311909,0.6493708672332774,0.8811158304065336,1.0,1.0,0.2122,94.74,1.0,0.0,0.15,Increasing
janet,0.29,0.29,0.56,0.25,0.29,0.56,0.25,0.24,0.42,0.22,0.31,0.39,0.3,0.52,0.35,0.23,0.27,0.53,0.28,0.29,0.55,0.36,0.27,0.19,0.11,0.3328,-34.48,0.56,0.11,0.117,Stable
julia,0.38,0.38,0.67,0.48,0.38,0.67,0.48,0.48,0.27,0.16,0.24,0.37,0.37,0.48,0.33,0.41,0.51,0.23,0.29,0.64,0.25,0.24,0.2,0.42,0.64,0.3988,10.53,0.67,0.16,0.142,Stable
kotlin,0.14,0.14,0.34,0.31,0.14,0.34,0.31,0.5,0.34,0.22,0.49,0.49,0.33,0.44,0.27,0.45,0.24,0.38,0.76,0.49,0.21,0.2,0.36,0.29,0.22,0.336,107.14,0.76,0.14,0.144,Increasing
latex,0.21,0.21,0.25,0.41,0.21,0.25,0.41,0.5,0.26,0.37,0.2,0.54,0.27,0.69,0.19,0.17,0.27,0.58,0.27,0.2,0.15,0.27,0.35,0.3,0.25,0.3112,42.86,0.69,0.15,0.15,Stable
less,0.29,0.29,0.37,0.53,0.29,0.37,0.53,0.41,0.57,0.22,0.19,0.33,0.53,0.27,0.43,0.25,0.72,0.37,0.4,0.61,0.31,0.5,0.25,0.42,0.59,0.4016,44.83,0.72,0.19,0.143,Increasing
lisp,0.42,0.42,0.32,0.11,0.42,0.32,0.11,0.38,0.21,0.32,0.33,0.45,0.22,0.45,0.34,0.2,0.31,0.52,0.59,0.48,0.43,0.59,0.26,0.17,0.08,0.338,-59.52,0.59,0.08,0.136,Decreasing
lua,0.69,0.69,0.35,0.42,0.69,0.35,0.42,0.55,0.33,0.34,0.4,0.33,0.54,0.57,0.34,0.52,0.24,0.46,0.34,0.27,0.25,0.68,0.55,0.62,0.69,0.4652,-10.14,0.69,0.24,0.141,Stable
markdown,0.25,0.25,0.53,0.69,0.25,0.53,0.69,0.42,0.36,0.18,0.57,0.31,0.27,0.42,0.58,0.35,0.68,0.72,0.18,0.5,0.15,0.36,0.31,0.38,0.45,0.4152,52.0,0.72,0.15,0.174,Increasing
matlab,0.16,0.16,0.3,0.58,0.16,0.3,0.58,0.41,0.34,0.72,0.24,0.48,0.37,0.57,0.33,0.42,0.43,0.31,0.37,0.39,0.35,0.52,0.31,0.39,0.47,0.3864,143.75,0.72,0.16,0.127,Increasing
maven,0.17,0.17,0.33,0.21,0.17,0.33,0.21,0.46,0.54,0.28,0.24,0.49,0.49,0.28,0.35,0.48,0.56,0.18,0.16,0.52,0.24,0.28,0.32,0.25,0.18,0.3156,47.06,0.56,0.16,0.134,Stable
moonscript,0.26,0.26,0.22,0.38,0.26,0.22,0.38,0.63,0.29,0.48,0.29,0.36,0.22,0.39,0.39,0.13,0.32,0.19,0.11,0.27,0.31,0.27,0.3,0.17,0.04,0.2856,-34.62,0.63,0.04,0.121,Stable
nim,0.59,0.59,0.33,0.75,0.59,0.33,0.75,0.69,0.35,0.31,0.28,0.51,0.24,0.38,0.41,0.63,0.41,0.17,0.38,0.43,0.3,0.54,0.22,0.35,0.48,0.4404,-40.68,0.75,0.17,0.159,Decreasing
nosql,0.0,0.0,0.0,0.0,0.0,0.0,0.0,0.0,0.0,0.000914794,0.010062729,0.013983272,0.029273393,0.044955567,0.063382122,0.093308939,0.1308154730789336,0.1680606377417668,0.198379509,0.2600627286983795,0.3907475169890225,0.4027705175117616,0.5283585990590696,1.0,1.0,0.1734,75.0,1.0,0.0,0.133,Increasing
objective-c,0.31,0.31,0.26,0.53,0.31,0.26,0.53,0.5,0.36,0.44,0.38,0.21,0.36,0.35,0.69,0.49,0.52,0.39,0.59,0.18,0.54,0.62,0.53,0.49,0.45,0.424,58.06,0.69,0.18,0.137,Increasing
ocaml,0.0,0.0,0.0,0.0,0.0,0.0,0.0,0.0,0.009049774,0.043237808,0.070889894,0.1206636500754147,0.2332830568124685,0.3579688285570638,0.4343891402714932,0.632981398,0.6380090497737556,0.6822523881347411,0.7154348919054802,0.702865762,0.7174459527400704,0.7501256913021619,0.8250377073906485,1.0,1.0,0.3573,-50.0,1.0,0.0,0.164,Decreasing
perl,0.24,0.24,0.32,0.3,0.24,0.32,0.3,0.35,0.25,0.16,0.38,0.3,0.14,0.52,0.51,0.15,0.27,0.38,0.69,0.31,0.59,0.55,0.34,0.57,0.8,0.3688,137.5,0.8,0.14,0.157,Increasing
php,0.45,0.45,0.5,0.53,0.45,0.5,0.53,0.21,0.19,0.59,0.19,0.41,0.26,0.24,0.47,0.5,0.34,0.33,0.42,0.38,0.33,0.31,0.54,0.14,0.0,0.3704,-68.89,0.59,0.0,0.133,Decreasing
pony,0.54,0.54,0.48,0.53,0.54,0.48,0.53,0.28,0.28,0.22,0.49,0.28,0.32,0.63,0.32,0.28,0.45,0.75,0.53,0.21,0.15,0.43,0.81,0.4,0.0,0.4188,-25.93,0.81,0.0,0.179,Decreasing
powershell,0.19,0.19,0.21,0.22,0.19,0.21,0.22,0.16,0.45,0.18,0.14,0.4,0.43,0.55,0.34,0.38,0.27,0.38,0.18,0.18,0.38,0.35,0.52,0.2,0.0,0.2768,5.26,0.55,0.0,0.128,Stable
prolog,0.43,0.43,0.47,0.58,0.43,0.47,0.58,0.51,0.36,0.45,0.58,0.34,0.32,0.16,0.17,0.34,0.26,0.47,0.18,0.14,0.53,0.39,0.35,0.16,0.0,0.364,-62.79,0.58,0.0,0.144,Decreasing
python,0.0,0.0,0.0,0.0,0.0,0.0,0.0,0.0,0.000543816,0.00277257,0.005959052,0.011576786,0.022873386,0.039950738,0.061206686,0.1002888465496337,0.1456802922087846,0.2457602726466902,0.3570273258005685,0.4383908649094744,0.6447493097229722,0.7122321674189243,0.8334381909138147,1.0,1.0,0.2249,0.0,1.0,0.0,0.144,Stable
r,0.3,0.3,0.19,0.29,0.3,0.19,0.29,0.7,0.3,0.32,0.41,0.32,0.32,0.28,0.37,0.48,0.49,0.41,0.27,0.25,0.38,0.46,0.54,0.31,0.08,0.342,3.33,0.7,0.08,0.119,Stable
racket,0.25,0.25,0.31,0.36,0.25,0.31,0.36,0.5,0.64,0.25,0.45,0.11,0.22,0.43,0.45,0.57,0.33,0.23,0.38,0.45,0.52,0.25,0.12,0.78,1.0,0.3908,212.0,1.0,0.11,0.172,Increasing
reasonml,0.0,0.0,0.0,0.0,0.0,0.0,0.0,0.0,0.0,0.0,0.0,0.0,0.0,0.001369863,0.001369863,0.006849315,0.020547945,0.4424657534246575,1.0,0.8164383561643835,0.4794520547945205,0.097260274,0.035616438,0.026027397,0.0164,0.1178,-40.38,1.0,0.0,0.162,Decreasing
red,0.19,0.19,0.42,0.35,0.19,0.42,0.35,0.56,0.33,0.19,0.46,0.28,0.65,0.38,0.19,0.13,0.57,0.32,0.6,0.36,0.51,0.5,0.17,0.43,0.69,0.3772,126.32,0.69,0.13,0.156,Increasing
rescript,0.26,0.26,0.23,0.27,0.26,0.23,0.27,0.23,0.18,0.35,0.45,0.73,0.35,0.6,0.3,0.31,0.41,0.27,0.37,0.27,0.35,0.29,0.46,0.24,0.02,0.3184,-7.69,0.73,0.02,0.133,Stable
ruby,0.41,0.41,0.15,0.34,0.41,0.15,0.34,0.38,0.78,0.18,0.22,0.55,0.18,0.3,0.49,0.48,0.23,0.31,0.16,0.34,0.51,0.18,0.2,0.38,0.56,0.3456,-7.32,0.78,0.15,0.164,Stable
rust,0.35,0.35,0.44,0.48,0.35,0.44,0.48,0.19,0.84,0.44,0.54,0.31,0.21,0.36,0.3,0.55,0.71,0.3,0.47,0.27,0.21,0.2,0.53,0.33,0.13,0.3912,-5.71,0.84,0.13,0.174,Stable
sass,0.5,0.5,0.35,0.35,0.5,0.35,0.35,0.63,0.54,0.7,0.32,0.39,0.27,0.31,0.35,0.3,0.47,0.2,0.21,0.32,0.48,0.34,0.23,0.15,0.07,0.3672,-70.0,0.7,0.07,0.144,Decreasing
scala,0.22,0.22,0.38,0.66,0.22,0.38,0.66,0.23,0.31,0.41,0.16,0.22,0.56,0.55,0.43,0.21,0.23,0.23,0.48,0.34,0.34,0.31,0.51,0.49,0.47,0.3688,122.73,0.66,0.16,0.142,Increasing
scheme,0.46,0.46,0.41,0.35,0.46,0.41,0.35,0.26,0.61,0.22,0.26,0.28,0.21,0.31,0.23,0.44,0.24,0.22,0.42,0.57,0.29,0.16,0.49,0.56,0.63,0.372,21.74,0.63,0.16,0.136,Stable
sed,0.39,0.39,0.53,0.31,0.39,0.53,0.31,0.59,0.5,0.48,0.29,0.32,0.19,0.58,0.51,0.49,0.25,0.31,0.49,0.75,0.26,0.4,0.39,0.35,0.31,0.4124,-10.26,0.75,0.19,0.139,Stable
shellscripting,0.36,0.36,0.33,0.78,0.36,0.33,0.78,0.29,0.35,0.27,0.22,0.71,0.14,0.41,0.42,0.59,0.4,0.11,0.45,0.19,0.18,0.21,0.66,0.7,0.74,0.4136,94.44,0.78,0.11,0.203,Increasing
sml,0.0,0.0,0.0,0.0,0.0,0.0,0.0,0.0,0.001385042,0.015235457,0.023545706,0.066481994,0.069252078,0.2008310249307479,0.2520775623268698,0.3448753462603878,0.4141274238227146,0.5318559556786704,0.6565096952908587,0.7202216066481995,0.8019390581717452,0.9778393351800554,0.9182825484764544,1.0,1.0,0.3198,75.0,1.0,0.0,0.154,Increasing
sql,0.0,0.0,0.0,0.0,0.0,0.0,0.0,0.0,0.000350307,0.00144717,0.003428414,0.006678803,0.013983564,0.025790631,0.043570145,0.075930467,0.1170369774827287,0.1797706350892708,0.2498779668414373,0.3232127167165328,0.4225620646287608,0.4996123652610361,0.7180660759304669,1.0,1.0,0.1873,-21.95,1.0,0.0,0.114,Stable
sparql,0.25,0.25,0.16,0.16,0.25,0.16,0.16,0.29,0.52,0.16,0.42,0.44,0.19,0.31,0.31,0.2,0.42,0.45,0.24,0.47,0.55,0.19,0.26,0.31,0.36,0.2992,24.0,0.55,0.16,0.127,Stable
swift,0.82,0.82,0.5,0.62,0.82,0.5,0.62,0.15,0.49,0.61,0.44,0.24,0.53,0.47,0.54,0.17,0.22,0.28,0.52,0.22,0.25,0.24,0.34,0.25,0.16,0.4328,-69.51,0.82,0.15,0.183,Decreasing
systemverilog,0.0,0.0,0.0,0.0,0.0,0.0,0.0,0.0,0.0,0.0,0.006648936,0.002659574,0.019946809,0.039893617,0.059840426,0.098404255,0.1808510638297872,0.2340425531914893,0.2659574468085106,0.3989361702127659,0.4242021276595745,0.550531915,0.6343085106382979,1.0,1.0,0.1966,90.91,1.0,0.0,0.121,Increasing
tcl,0.21,0.21,0.37,0.2,0.21,0.37,0.2,0.66,0.19,0.35,0.19,0.44,0.4,0.51,0.3,0.29,0.28,0.4,0.2,0.35,0.42,0.24,0.35,0.38,0.41,0.3252,80.95,0.66,0.19,0.121,Increasing
typescript,0.0,0.0,0.0,0.0,0.0,0.0,0.0,0.0,6.504953522107085e-06,1.951486056632125e-05,7.805944226528502e-05,0.000234178,0.001678278,0.004007051,0.007083894,0.022572189,0.062213375,0.1220199181676846,0.1753605370489628,0.2663973615908514,0.4723116653331512,0.621919091,0.8729387428526824,1.0,1.0,0.1852,45.0,1.0,0.0,0.119,Increasing
vala,0.13,0.13,0.16,0.22,0.13,0.16,0.22,0.66,0.22,0.57,0.34,0.4,0.56,0.3,0.38,0.45,0.22,0.15,0.38,0.34,0.17,0.48,0.29,0.14,0.0,0.288,7.69,0.66,0.0,0.157,Stable
verilog,0.24,0.24,0.4,0.58,0.24,0.4,0.58,0.24,0.45,0.26,0.17,0.42,0.5,0.36,0.28,0.24,0.26,0.27,0.52,0.6,0.28,0.32,0.21,0.47,0.73,0.3704,95.83,0.73,0.17,0.13,Increasing
vhdl,0.34,0.34,0.16,0.6,0.34,0.16,0.6,0.43,0.33,0.36,0.29,0.26,0.34,0.21,0.43,0.59,0.22,0.38,0.21,0.53,0.56,0.46,0.16,0.21,0.26,0.3508,-38.24,0.6,0.16,0.142,Decreasing
xml,0.0,0.0,0.0,0.0,0.0,0.0,0.0,0.0,0.007760464,0.032447296,0.061839291,0.1143904674610449,0.1985334555453712,0.2822487014970974,0.4134433241674305,0.553070577,0.605927284,0.7751298502902536,0.8303085853956614,0.8347693247784906,0.8836541399327834,0.8520012221203789,0.9907118851206844,1.0,1.0,0.3774,15.62,1.0,0.0,0.118,Stable
yaml,0.0,0.0,0.0,0.0,0.0,0.0,0.0,0.0,0.010541621,0.027081061,0.026354053,0.043075245,0.067430025,0.095238095,0.15394402,0.2195565249000363,0.2589967284623773,0.386041439,0.4727371864776445,0.5908760450745184,0.7479098509632861,0.7589967284623773,0.905852417,1.0,1.0,0.2706,100.0,1.0,0.0,0.147,Increasing
zig,0.51,0.51,0.18,0.5,0.51,0.18,0.5,0.29,0.47,0.6,0.32,0.27,0.19,0.43,0.23,0.43,0.58,0.32,0.29,0.29,0.26,0.36,0.3,0.13,0.0,0.346,-74.51,0.6,0.0,0.133,Decreasing
zsh,0.59,0.59,0.25,0.18,0.59,0.25,0.18,0.39,0.38,0.15,0.64,0.47,0.35,0.17,0.37,0.62,0.57,0.45,0.21,0.29,0.44,0.27,0.16,0.18,0.2,0.3576,-69.49,0.64,0.15,0.163,Decreasing
ajax,0.33,0.33,0.15,0.37,0.33,0.15,0.37,0.51,0.46,0.61,0.48,0.28,0.16,0.38,0.16,0.37,0.36,0.77,0.61,0.42,0.54,0.48,0.29,0.65,1.0,0.4224,96.97,1.0,0.15,0.169,Increasing
alpine.js,0.16,0.16,0.43,0.3,0.16,0.43,0.3,0.59,0.24,0.2,0.75,0.35,0.64,0.16,0.53,0.32,0.48,0.53,0.25,0.37,0.38,0.23,0.35,0.32,0.29,0.3568,100.0,0.75,0.16,0.164,Increasing
angular,0.0,0.0,0.0,0.0,0.0,0.0,0.0,0.0,0.0,1.8149588911811148e-05,6.654849267664087e-05,0.000302493,0.00396266,0.046940887,0.1393343940759741,0.2474454453606625,0.4763601604423659,0.6560168912174139,0.726776089,0.7613752548504776,0.85344207,0.8686877242230463,0.9711240040413084,1.0,1.0,0.3101,228.57,1.0,0.0,0.141,Increasing
asp.net,0.21,0.21,0.6,0.18,0.21,0.6,0.18,0.15,0.29,0.18,0.16,0.23,0.18,0.3,0.57,0.5,0.21,0.33,0.19,0.25,0.48,0.54,0.4,0.37,0.34,0.3144,76.19,0.6,0.15,0.15,Increasing
astro,0.39,0.39,0.2,0.36,0.39,0.2,0.36,0.51,0.52,0.4,0.34,0.3,0.16,0.44,0.33,0.34,0.29,0.51,0.33,0.24,0.37,0.29,0.31,0.29,0.27,0.3412,-25.64,0.52,0.16,0.097,Decreasing
bootstrap,0.21,0.21,0.3,0.22,0.21,0.3,0.22,0.35,0.17,0.21,0.21,0.35,0.51,0.43,0.62,0.35,0.33,0.33,0.35,0.32,0.61,0.19,0.24,0.18,0.12,0.3016,-14.29,0.62,0.12,0.133,Stable
canvasapi,0.2,0.2,0.17,0.27,0.2,0.17,0.27,0.38,0.2,0.3,0.4,0.22,0.25,0.19,0.56,0.18,0.38,0.46,0.26,0.57,0.19,0.47,0.13,0.72,1.0,0.3336,260.0,1.0,0.13,0.162,Increasing
chakraui,0.39,0.39,0.26,0.45,0.39,0.26,0.45,0.39,0.21,0.29,0.26,0.41,0.12,0.28,0.43,0.15,0.33,0.23,0.39,0.18,0.32,0.35,0.37,0.45,0.53,0.3312,15.38,0.53,0.12,0.1,Stable
css,0.0,0.0,0.0,0.0,0.0,0.0,0.0,0.0,0.000247386,0.000785107,0.001841652,0.003777792,0.008101896,0.015013245,0.024467175,0.040061091,0.067216872,0.1121071456795044,0.1467480750267142,0.1897262603807684,0.3566569201114612,0.5179062887614545,0.7965111684527716,1.0,1.0,0.1712,60.0,1.0,0.0,0.163,Increasing
d3.js,0.37,0.37,0.46,0.28,0.37,0.46,0.28,0.44,0.21,0.4,0.43,0.38,0.77,0.14,0.16,0.25,0.24,0.32,0.38,0.24,0.24,0.43,0.3,0.24,0.18,0.3336,-35.14,0.77,0.14,0.141,Decreasing
django,0.0,0.0,0.0,0.0,0.0,0.0,0.0,0.0,0.001687377,0.007147248,0.013131411,0.023068857,0.036224373,0.051097398,0.066036713,0.096608372,0.1357314177584399,0.2126758186792657,0.3094408755077197,0.4049343730791018,0.6350082560956501,0.6969530788607793,0.8529149441357615,1.0,1.0,0.2217,-2.17,1.0,0.0,0.16,Stable
dojo,0.27,0.27,0.13,0.41,0.27,0.13,0.41,0.18,0.4,0.28,0.31,0.29,0.74,0.15,0.4,0.22,0.41,0.28,0.19,0.5,0.4,0.38,0.5,0.14,0.0,0.3064,-48.15,0.74,0.0,0.15,Decreasing
ejs,0.31,0.31,0.13,0.42,0.31,0.13,0.42,0.49,0.18,0.47,0.31,0.53,0.62,0.46,0.17,0.29,0.47,0.35,0.34,0.49,0.41,0.42,0.23,0.15,0.07,0.3392,-51.61,0.62,0.07,0.139,Decreasing
eleventy,0.26,0.26,0.43,0.25,0.26,0.43,0.25,0.5,0.32,0.49,0.4,0.35,0.4,0.4,0.35,0.48,0.16,0.37,0.25,0.46,0.25,0.56,0.19,0.35,0.51,0.3572,34.62,0.56,0.16,0.109,Stable
ember.js,0.34,0.34,0.24,0.29,0.34,0.24,0.29,0.54,0.37,0.28,0.4,0.35,0.23,0.53,0.39,0.35,0.4,0.35,0.43,0.52,0.5,0.59,0.45,0.23,0.01,0.36,-32.35,0.59,0.01,0.108,Decreasing
express.js,0.0,0.0,0.0,0.0,0.0,0.0,0.0,0.0,0.0,3.068802553243724e-05,0.000889953,0.005063524,0.015344013,0.028386424,0.043331492,0.062818388,0.1001043392868102,0.183115448,0.2662493095194255,0.3373534646780826,0.5424722273368932,0.6001657153378752,0.696311299,1.0,1.0,0.1953,-19.35,1.0,0.0,0.167,Stable
flask,0.0,0.0,0.0,0.0,0.0,0.0,0.0,0.0,2.092334731710379e-05,2.092334731710379e-05,0.001088014,0.002971115,0.010032745,0.02287968,0.039158045,0.07406865,0.1185726092460271,0.2019521483046857,0.3191542783014426,0.409731449,0.6347829725799533,0.703453398,0.7864144705870045,1.0,1.0,0.213,-33.33,1.0,0.0,0.137,Decreasing
gatsby,0.5,0.5,0.25,0.39,0.5,0.25,0.39,0.35,0.41,0.41,0.66,0.36,0.39,0.12,0.34,0.35,0.39,0.63,0.2,0.23,0.42,0.32,0.63,0.26,0.0,0.37,-48.0,0.66,0.0,0.142,Decreasing
gridsome,0.45,0.45,0.17,0.2,0.45,0.17,0.2,0.58,0.37,0.45,0.49,0.18,0.22,0.43,0.4,0.46,0.36,0.42,0.25,0.34,0.42,0.27,0.44,0.19,0.0,0.3344,-57.78,0.58,0.0,0.12,Decreasing
handlebars,0.19,0.19,0.5,0.23,0.19,0.5,0.23,0.55,0.31,0.33,0.19,0.39,0.24,0.16,0.37,0.5,0.33,0.18,0.28,0.46,0.51,0.32,0.2,0.68,1.0,0.3612,257.89,1.0,0.16,0.146,Increasing
htmx,0.29,0.29,0.28,0.11,0.29,0.28,0.11,0.28,0.25,0.48,0.25,0.15,0.44,0.31,0.26,0.6,0.34,0.69,0.3,0.42,0.46,0.39,0.22,0.29,0.36,0.3256,0.0,0.69,0.11,0.142,Stable
hugo,0.25,0.25,0.34,0.22,0.25,0.34,0.22,0.29,0.2,0.29,0.25,0.25,0.38,0.16,0.32,0.46,0.18,0.3,0.2,0.52,0.16,0.46,0.37,0.27,0.17,0.284,8.0,0.52,0.16,0.103,Stable
jquery,0.3,0.3,0.35,0.14,0.3,0.35,0.14,0.38,0.16,0.29,0.74,0.2,0.13,0.27,0.42,0.54,0.44,0.45,0.37,0.31,0.27,0.19,0.41,0.21,0.01,0.3068,-30.0,0.74,0.01,0.149,Stable
jekyll,0.53,0.53,0.32,0.28,0.53,0.32,0.28,0.68,0.45,0.29,0.27,0.4,0.47,0.42,0.24,0.2,0.25,0.35,0.58,0.5,0.42,0.5,0.21,0.35,0.49,0.3944,-33.96,0.68,0.2,0.132,Decreasing
liquid,0.2,0.2,0.45,0.25,0.2,0.45,0.25,0.3,0.18,0.38,0.52,0.28,0.32,0.39,0.45,0.67,0.44,0.33,0.47,0.25,0.28,0.43,0.44,0.71,0.98,0.3928,255.0,0.98,0.18,0.141,Increasing
lit,0.25,0.25,0.18,0.15,0.25,0.18,0.15,0.4,0.21,0.32,0.19,0.37,0.21,0.29,0.25,0.48,0.5,0.21,0.51,0.44,0.3,0.34,0.44,0.34,0.24,0.298,36.0,0.51,0.15,0.114,Stable
marko,0.32,0.32,0.32,0.34,0.32,0.32,0.34,0.4,0.39,0.57,0.36,0.21,0.54,0.54,0.44,0.48,0.26,0.19,0.81,0.22,0.48,0.19,0.45,0.59,0.73,0.4052,84.37,0.81,0.19,0.159,Increasing
materialui,0.28,0.28,0.28,0.58,0.28,0.28,0.58,0.29,0.12,0.55,0.28,0.26,0.3,0.17,0.51,0.38,0.38,0.22,0.53,0.4,0.29,0.29,0.67,0.37,0.07,0.3456,32.14,0.67,0.07,0.144,Stable
mithril.js,0.24,0.24,0.46,0.7,0.24,0.46,0.7,0.62,0.34,0.36,0.62,0.21,0.31,0.16,0.22,0.25,0.7,0.23,0.51,0.24,0.32,0.37,0.41,0.28,0.15,0.3736,16.67,0.7,0.15,0.17,Stable
next.js,0.37,0.37,0.52,0.16,0.37,0.52,0.16,0.28,0.28,0.15,0.19,0.62,0.46,0.17,0.36,0.21,0.39,0.28,0.61,0.52,0.33,0.16,0.17,0.12,0.07,0.3136,-67.57,0.62,0.07,0.159,Decreasing
node.js,0.0,0.0,0.0,0.0,0.0,0.0,0.0,0.0,7.198017460333782e-05,0.001172249,0.011599091,0.033152012,0.060710136,0.1023043938755154,0.136340734,0.1756933233246614,0.2398996390708387,0.3451860687513496,0.4418657261257185,0.5035630186428652,0.7534781848656541,0.7201822126705673,0.8070314347705375,1.0,1.0,0.2533,-8.82,1.0,0.0,0.126,Stable
nuxt.js,0.26,0.26,0.46,0.42,0.26,0.46,0.42,0.43,0.23,0.44,0.2,0.25,0.14,0.15,0.44,0.38,0.27,0.58,0.19,0.3,0.69,0.53,0.3,0.34,0.38,0.3512,30.77,0.69,0.14,0.148,Stable
parcel,0.16,0.16,0.18,0.46,0.16,0.18,0.46,0.5,0.31,0.17,0.24,0.54,0.21,0.35,0.35,0.39,0.35,0.56,0.25,0.38,0.36,0.37,0.22,0.22,0.22,0.31,37.5,0.56,0.16,0.122,Stable
pug,0.43,0.43,0.32,0.29,0.43,0.32,0.29,0.4,0.4,0.47,0.29,0.39,0.5,0.31,0.17,0.55,0.18,0.38,0.14,0.29,0.31,0.31,0.38,0.31,0.24,0.3412,-27.91,0.55,0.14,0.106,Decreasing
qwik,0.25,0.25,0.34,0.41,0.25,0.34,0.41,0.25,0.56,0.15,0.39,0.41,0.19,0.27,0.47,0.45,0.38,0.64,0.31,0.33,0.23,0.41,0.19,0.22,0.25,0.334,-12.0,0.64,0.15,0.129,Stable
react,0.0,0.0,0.0,0.0,0.0,0.0,0.0,0.0,2.523470377401818e-06,2.1028919811681817e-05,3.448742849115818e-05,8.579799283166182e-05,0.000227953,0.000826016,0.00405017,0.023782026,0.07294007,0.151949928,0.2370657422914288,0.323226274,0.5166973829088716,0.6516365967132639,0.8299122084655702,1.0,1.0,0.1925,-61.76,1.0,0.0,0.152,Decreasing
remix,0.55,0.55,0.45,0.62,0.55,0.45,0.62,0.11,0.26,0.3,0.23,0.4,0.38,0.49,0.39,0.28,0.24,0.29,0.37,0.38,0.25,0.7,0.17,0.23,0.29,0.382,-58.18,0.7,0.11,0.151,Decreasing
serverless,0.47,0.47,0.19,0.36,0.47,0.19,0.36,0.32,0.2,0.82,0.32,0.28,0.41,0.33,0.4,0.38,0.19,0.23,0.42,0.24,0.27,0.31,0.54,0.33,0.12,0.3448,-29.79,0.82,0.12,0.145,Decreasing
solidjs,0.44,0.44,0.44,0.14,0.44,0.44,0.14,0.35,0.31,0.22,0.62,0.4,0.32,0.31,0.55,0.68,0.26,0.45,0.2,0.59,0.53,0.28,0.3,0.21,0.12,0.3672,-52.27,0.68,0.12,0.153,Decreasing
stencil.js,0.53,0.53,0.37,0.3,0.53,0.37,0.3,0.46,0.49,0.59,0.61,0.46,0.21,0.25,0.38,0.19,0.22,0.29,0.46,0.25,0.31,0.32,0.57,0.58,0.59,0.4064,9.43,0.61,0.19,0.14,Stable
svelte,0.51,0.51,0.63,0.41,0.51,0.63,0.41,0.28,0.43,0.47,0.16,0.31,0.28,0.36,0.4,0.25,0.42,0.53,0.52,0.19,0.76,0.31,0.38,0.37,0.36,0.4156,-27.45,0.76,0.16,0.146,Decreasing
tailwindcss,0.0,0.0,0.0,0.0,0.0,0.0,0.0,0.0,0.0,0.0,1.9889019272459675e-05,3.977803854491935e-05,0.000119334,9.944509636229836e-05,0.000238668,0.000656338,0.001034229,0.002764574,0.010123511,0.029952863,0.1150380874719067,0.2892658962986535,0.6328288152111219,1.0,1.0,0.1233,-47.37,1.0,0.0,0.156,Decreasing
tauri,0.41,0.41,0.29,0.45,0.41,0.29,0.45,0.39,0.47,0.38,0.21,0.43,0.57,0.22,0.45,0.45,0.17,0.43,0.59,0.59,0.26,0.29,0.39,0.23,0.07,0.372,-43.9,0.59,0.07,0.127,Decreasing
three.js,0.58,0.58,0.66,0.18,0.58,0.66,0.18,0.46,0.26,0.61,0.39,0.32,0.47,0.23,0.18,0.6,0.51,0.57,0.23,0.39,0.53,0.32,0.2,0.26,0.32,0.4108,-55.17,0.66,0.18,0.162,Decreasing
vite,0.38,0.38,0.54,0.68,0.38,0.54,0.68,0.5,0.12,0.43,0.3,0.7,0.21,0.19,0.44,0.27,0.27,0.36,0.32,0.2,0.3,0.48,0.24,0.46,0.68,0.402,21.05,0.7,0.12,0.159,Stable
vue.js,0.0,0.0,0.0,0.0,0.0,0.0,0.0,0.0,0.0,0.0,0.0,8.705493166187865e-05,4.3527465830939325e-05,0.00034822,0.004831549,0.014538174,0.1088186645773483,0.4206929572560285,0.6872551580047009,0.7978584486811178,1.0,0.908200575,0.7639070253329852,0.7423609297466701,0.7208,0.2468,95.65,1.0,0.0,0.119,Increasing
webcomponents,0.51,0.51,0.32,0.19,0.51,0.32,0.19,0.52,0.45,0.15,0.36,0.24,0.16,0.46,0.43,0.29,0.19,0.36,0.58,0.4,0.31,0.44,0.47,0.21,0.0,0.3428,-58.82,0.58,0.0,0.131,Decreasing
webgl,0.42,0.42,0.41,0.22,0.42,0.41,0.22,0.41,0.22,0.49,0.61,0.42,0.37,0.2,0.18,0.62,0.56,0.19,0.22,0.29,0.53,0.64,0.26,0.63,1.0,0.4144,50.0,1.0,0.18,0.165,Increasing
webgpu,0.16,0.16,0.46,0.54,0.16,0.46,0.54,0.25,0.47,0.25,0.16,0.37,0.35,0.31,0.12,0.64,0.38,0.37,0.43,0.12,0.25,0.33,0.23,0.3,0.37,0.3272,87.5,0.64,0.12,0.139,Increasing
windicss,0.0,0.0,0.0,0.0,0.0,0.0,0.0,0.0,0.0,0.0,0.0,0.0,0.0,0.0,0.0,0.0,0.0,0.0,0.0,0.006514658,0.026058632,1.0,0.9055374592833876,0.2442996742671009,0.0,0.0873,-3.23,1.0,0.0,0.128,Stable
wixvelo,0.27,0.27,0.6,0.39,0.27,0.6,0.39,0.43,0.36,0.26,0.26,0.32,0.16,0.39,0.29,0.56,0.33,0.27,0.81,0.23,0.34,0.53,0.22,0.28,0.34,0.3668,3.7,0.81,0.16,0.156,Stable
allennlp,0.0,0.0,0.0,0.0,0.0,0.0,0.0,0.0,0.0,0.0,0.0,0.0,0.0,0.0,0.0,0.0,0.0,0.060606061,0.3575757575757576,1.0,0.6181818181818182,0.4787878787878787,0.1818181818181818,0.060606061,0.0,0.1103,-47.37,1.0,0.0,0.13,Decreasing
altair,0.0,0.0,0.0,0.0,0.0,0.0,0.0,0.0,0.0,0.0,0.002518892,0.010075567,0.017632242,0.012594458,0.1158690176322418,0.062972292,0.1360201511335012,0.1939546599496221,0.4483627204030226,0.4836272040302267,0.7632241813602015,0.8614609571788413,1.0,0.9345088161209067,0.869,0.2365,6.67,1.0,0.0,0.103,Stable
automl,0.0,0.0,0.0,0.0,0.0,0.0,0.0,0.0,0.0,0.0,0.0,0.001070664,0.001070664,0.002141328,0.001070664,0.025695931,0.025695931,0.068522484,0.2794432548179871,0.5856531049250535,0.9036402569593148,0.9507494646680942,0.961456103,1.0,1.0,0.2322,4.55,1.0,0.0,0.163,Stable
bert,0.52,0.52,0.34,0.47,0.52,0.34,0.47,0.68,0.33,0.43,0.52,0.26,0.44,0.18,0.39,0.39,0.25,0.53,0.78,0.23,0.24,0.53,0.3,0.26,0.22,0.4056,-50.0,0.78,0.18,0.158,Decreasing
bigml,0.0,0.0,0.0,0.0,0.0,0.0,0.0,0.0,0.0,0.0,0.0,0.0,0.6,0.4,0.85,0.95,0.75,0.7,0.5,0.7,0.55,1.0,0.7,0.45,0.2,0.334,0.0,1.0,0.0,0.171,Stable
bokeh,0.15,0.15,0.37,0.49,0.15,0.37,0.49,0.29,0.37,0.23,0.36,0.3,0.54,0.36,0.32,0.29,0.33,0.35,0.41,0.56,0.45,0.45,0.41,0.23,0.05,0.3388,53.33,0.56,0.05,0.104,Stable
cartopy,0.41,0.41,0.23,0.5,0.41,0.23,0.5,0.25,0.26,0.24,0.16,0.46,0.21,0.2,0.23,0.35,0.26,0.3,0.39,0.32,0.57,0.34,0.17,0.3,0.43,0.3252,-26.83,0.57,0.16,0.111,Decreasing
catboost,0.38,0.38,0.17,0.13,0.38,0.17,0.13,0.42,0.44,0.53,0.31,0.26,0.39,0.37,0.19,0.19,0.42,0.65,0.15,0.41,0.26,0.43,0.24,0.26,0.28,0.3176,-31.58,0.65,0.13,0.137,Decreasing
clearml,0.0,0.0,0.0,0.0,0.0,0.0,0.0,0.0,0.0,0.0,0.0,0.0,0.0,0.0,0.0,0.0,0.0,0.0,0.0,0.082352941,0.082352941,0.4941176470588235,0.7411764705882353,1.0,1.0,0.136,40.0,1.0,0.0,0.126,Increasing
cntk,0.4,0.4,0.42,0.36,0.4,0.42,0.36,0.28,0.19,0.42,0.44,0.27,0.53,0.7,0.43,0.24,0.2,0.32,0.39,0.13,0.41,0.2,0.52,0.4,0.28,0.3644,0.0,0.7,0.13,0.137,Stable
cudf,0.47,0.47,0.38,0.29,0.47,0.38,0.29,0.48,0.55,0.57,0.19,0.53,0.45,0.57,0.6,0.22,0.44,0.27,0.18,0.31,0.5,0.48,0.43,0.36,0.29,0.4068,-23.4,0.6,0.18,0.132,Decreasing
d-wave,0.39,0.39,0.26,0.27,0.39,0.26,0.27,0.19,0.41,0.2,0.33,0.34,0.26,0.81,0.24,0.59,0.43,0.66,0.61,0.61,0.33,0.54,0.13,0.41,0.69,0.4004,5.13,0.81,0.13,0.183,Stable
dash,0.26,0.26,0.2,0.16,0.26,0.2,0.16,0.37,0.57,0.25,0.39,0.68,0.23,0.4,0.41,0.57,0.49,0.51,0.14,0.27,0.56,0.24,0.45,0.53,0.61,0.3668,103.85,0.68,0.14,0.158,Increasing
datafusion,0.2,0.2,0.3,0.41,0.2,0.3,0.41,0.18,0.37,0.26,0.33,0.23,0.47,0.39,0.29,0.3,0.46,0.51,0.27,0.4,0.22,0.31,0.27,0.44,0.61,0.3332,120.0,0.61,0.18,0.096,Increasing
dataiku,0.0,0.0,0.0,0.0,0.0,0.0,0.0,0.0,0.0,0.0,0.0,0.0,0.0,0.020979021,0.020979021,0.062937063,0.1678321678321678,0.1748251748251748,0.2307692307692307,0.5104895104895105,0.8321678321678322,0.6993006993006993,0.8881118881118881,1.0,1.0,0.2243,175.0,1.0,0.0,0.165,Increasing
datarobot,0.45,0.45,0.32,0.34,0.45,0.32,0.34,0.17,0.37,0.36,0.2,0.67,0.35,0.57,0.27,0.4,0.54,0.34,0.24,0.66,0.4,0.24,0.39,0.16,0.0,0.36,-64.44,0.67,0.0,0.147,Decreasing
datavisualization,0.3,0.3,0.29,0.29,0.3,0.29,0.29,0.34,0.37,0.26,0.35,0.36,0.21,0.24,0.26,0.3,0.59,0.64,0.28,0.4,0.29,0.44,0.53,0.25,0.0,0.3268,-16.67,0.64,0.0,0.118,Stable
datashader,0.25,0.25,0.32,0.31,0.25,0.32,0.31,0.37,0.26,0.4,0.39,0.38,0.3,0.22,0.46,0.28,0.38,0.54,0.46,0.25,0.14,0.45,0.55,0.35,0.15,0.3336,40.0,0.55,0.14,0.106,Stable
datatable,0.16,0.16,0.31,0.43,0.16,0.31,0.43,0.13,0.28,0.44,0.46,0.31,0.43,0.58,0.15,0.32,0.41,0.31,0.33,0.28,0.25,0.59,0.39,0.46,0.53,0.3444,187.5,0.59,0.13,0.128,Increasing
deeplearning,0.29,0.29,0.58,0.29,0.29,0.58,0.29,0.33,0.32,0.8,0.22,0.13,0.2,0.47,0.36,0.14,0.26,0.39,0.51,0.35,0.26,0.33,0.36,0.42,0.48,0.3576,44.83,0.8,0.13,0.155,Increasing
dvc,0.42,0.42,0.45,0.4,0.42,0.45,0.4,0.17,0.57,0.54,0.46,0.17,0.4,0.21,0.19,0.32,0.19,0.69,0.38,0.15,0.35,0.49,0.31,0.26,0.21,0.3608,-38.1,0.69,0.15,0.152,Decreasing
edgeai,0.0,0.0,0.0,0.0,0.0,0.0,0.0,0.0,0.0,0.0,0.0,0.0,0.0,0.015873016,0.0,0.0,0.0,0.0,0.063492063,0.1269841269841269,0.5714285714285714,0.8571428571428571,0.6031746031746031,1.0,1.0,0.1695,-53.85,1.0,0.0,0.135,Decreasing
evidently,0.22,0.22,0.28,0.26,0.22,0.28,0.26,0.51,0.29,0.33,0.2,0.29,0.24,0.25,0.45,0.22,0.41,0.52,0.14,0.25,0.34,0.36,0.52,0.35,0.18,0.3036,59.09,0.52,0.14,0.111,Increasing
faiss,0.0,0.0,0.0,0.0,0.0,0.0,0.0,0.0,0.0,0.0,0.0,0.0,0.0,0.0,0.0,0.0,0.0,0.043071161,0.088014981,0.1385767790262172,0.149812734,0.245318352,0.2303370786516854,1.0,1.0,0.1158,-36.67,1.0,0.0,0.108,Decreasing
feast,0.22,0.22,0.36,0.43,0.22,0.36,0.43,0.51,0.18,0.51,0.31,0.85,0.53,0.43,0.23,0.36,0.54,0.66,0.27,0.19,0.42,0.39,0.12,0.33,0.54,0.3844,50.0,0.85,0.12,0.177,Increasing
geopandas,0.16,0.16,0.23,0.41,0.16,0.23,0.41,0.3,0.82,0.29,0.44,0.2,0.44,0.49,0.17,0.58,0.15,0.27,0.18,0.28,0.21,0.39,0.53,0.29,0.05,0.3136,81.25,0.82,0.05,0.172,Increasing
gpt,0.62,0.62,0.27,0.11,0.62,0.27,0.11,0.48,0.46,0.29,0.59,0.28,0.39,0.33,0.12,0.32,0.45,0.32,0.4,0.16,0.45,0.21,0.15,0.19,0.23,0.3376,-69.35,0.62,0.11,0.149,Decreasing
greatexpectations,0.25,0.25,0.61,0.43,0.25,0.61,0.43,0.23,0.21,0.23,0.46,0.12,0.79,0.29,0.17,0.34,0.2,0.32,0.27,0.4,0.65,0.24,0.28,0.47,0.66,0.3664,88.0,0.79,0.12,0.175,Increasing
h2o.ai,0.0,0.0,0.0,0.0,0.0,0.0,0.0,0.0,0.0,0.0,0.0,0.0,0.0,0.0,0.071428571,0.1071428571428571,0.2142857142857142,0.4642857142857143,0.8214285714285714,0.8928571428571429,1.0,0.5714285714285714,0.6785714285714286,0.8214285714285714,0.9643,0.2643,-7.41,1.0,0.0,0.152,Stable
haystack,0.3,0.3,0.29,0.13,0.3,0.29,0.13,0.21,0.25,0.21,0.34,0.46,0.32,0.33,0.5,0.34,0.15,0.39,0.5,0.18,0.21,0.34,0.14,0.33,0.52,0.2984,10.0,0.52,0.13,0.112,Stable
jax,0.44,0.44,0.27,0.47,0.44,0.27,0.47,0.78,0.24,0.34,0.74,0.32,0.3,0.21,0.43,0.39,0.4,0.42,0.37,0.29,0.35,0.47,0.29,0.26,0.23,0.3852,-40.91,0.78,0.21,0.148,Decreasing
keras,0.45,0.45,0.45,0.36,0.45,0.45,0.36,0.13,0.38,0.29,0.21,0.44,0.47,0.57,0.14,0.33,0.73,0.18,0.12,0.25,0.49,0.16,0.21,0.5,0.79,0.3744,11.11,0.79,0.12,0.169,Stable
koalas,0.36,0.36,0.15,0.66,0.36,0.15,0.66,0.18,0.14,0.35,0.52,0.57,0.4,0.3,0.33,0.15,0.29,0.37,0.48,0.28,0.34,0.31,0.31,0.39,0.47,0.3552,8.33,0.66,0.14,0.138,Stable
langchain,0.0,0.0,0.0,0.0,0.0,0.0,0.0,0.0,0.0,0.0,0.0,0.0,0.0,0.0,0.0,0.0,0.000308785,7.71962328238382e-05,0.000463177,0.000540374,0.00061757,0.00123514,0.003396634,1.0,1.0,0.0803,-42.86,1.0,0.0,0.128,Decreasing
lightgbm,0.43,0.43,0.25,0.43,0.43,0.25,0.43,0.57,0.39,0.44,0.71,0.19,0.23,0.27,0.25,0.23,0.5,0.37,0.33,0.27,0.33,0.29,0.44,0.46,0.48,0.376,6.98,0.71,0.19,0.131,Stable
machinelearning,0.49,0.49,0.41,0.29,0.49,0.41,0.29,0.32,0.26,0.35,0.33,0.35,0.18,0.46,0.39,0.12,0.44,0.62,0.38,0.21,0.46,0.13,0.24,0.26,0.28,0.346,-46.94,0.62,0.12,0.128,Decreasing
matplotlib,0.15,0.15,0.16,0.55,0.15,0.16,0.55,0.25,0.43,0.4,0.32,0.39,0.21,0.21,0.58,0.22,0.26,0.44,0.2,0.46,0.29,0.33,0.51,0.75,0.99,0.3644,400.0,0.99,0.15,0.16,Increasing
mediapipe,0.24,0.24,0.46,0.33,0.24,0.46,0.33,0.45,0.33,0.4,0.38,0.41,0.25,0.57,0.59,0.48,0.37,0.24,0.31,0.16,0.41,0.26,0.53,0.34,0.15,0.3572,41.67,0.59,0.15,0.116,Increasing
mlflow,0.0,0.0,0.0,0.0,0.0,0.0,0.0,0.0,0.0,0.0,0.0,0.0,0.0,0.0,0.0,0.0,0.001185771,0.002371542,0.03201581,0.1150197628458498,0.2450592885375494,0.3533596837944664,0.6541501976284585,1.0,1.0,0.1361,-36.11,1.0,0.0,0.186,Decreasing
mxnet,0.14,0.14,0.4,0.17,0.14,0.4,0.17,0.28,0.44,0.39,0.32,0.72,0.26,0.46,0.28,0.41,0.45,0.58,0.17,0.18,0.28,0.39,0.35,0.65,0.95,0.3648,364.29,0.95,0.14,0.158,Increasing
networkx,0.0,0.0,0.0,0.0,0.0,0.0,0.0,0.0,0.0,0.001647446,0.011532125,0.009884679,0.021416804,0.075782537,0.074135091,0.1499176276771004,0.1647446457990115,0.3163097199341021,0.5749588138385503,0.7924217462932455,1.0,0.642504119,0.7446457990115322,0.8731466227347611,1.0,0.2581,22.22,1.0,0.0,0.103,Stable
neptune.ai,0.0,0.0,0.0,0.0,0.0,0.0,0.0,0.0,0.0,0.0,0.0,0.0,0.0,0.0,0.0,0.0,0.0,0.0,0.076923077,0.2307692307692307,0.3846153846153846,0.7692307692307693,0.6153846153846154,1.0,1.0,0.1631,-55.88,1.0,0.0,0.174,Decreasing
nltk,0.39,0.39,0.38,0.45,0.39,0.38,0.45,0.25,0.27,0.38,0.3,0.23,0.32,0.42,0.35,0.25,0.42,0.16,0.17,0.35,0.15,0.32,0.53,0.21,0.0,0.3164,-46.15,0.53,0.0,0.104,Decreasing
numpy,0.53,0.53,0.24,0.58,0.53,0.24,0.58,0.18,0.19,0.16,0.43,0.53,0.55,0.18,0.38,0.56,0.29,0.48,0.4,0.41,0.18,0.42,0.28,0.4,0.52,0.3908,-24.53,0.58,0.16,0.145,Decreasing
onnx,0.39,0.39,0.24,0.38,0.39,0.24,0.38,0.26,0.53,0.22,0.21,0.24,0.45,0.41,0.21,0.61,0.64,0.56,0.31,0.47,0.6,0.39,0.71,0.37,0.03,0.3852,-5.13,0.71,0.03,0.157,Stable
opencv,0.54,0.54,0.54,0.15,0.54,0.54,0.15,0.41,0.31,0.38,0.25,0.48,0.41,0.28,0.28,0.37,0.35,0.17,0.22,0.13,0.22,0.14,0.24,0.19,0.14,0.3188,-64.81,0.54,0.13,0.128,Decreasing
pandas,0.27,0.27,0.14,0.24,0.27,0.14,0.24,0.34,0.2,0.31,0.44,0.41,0.48,0.28,0.38,0.38,0.42,0.41,0.15,0.16,0.81,0.22,0.68,0.43,0.18,0.33,59.26,0.81,0.14,0.17,Increasing
panel,0.13,0.13,0.55,0.19,0.13,0.55,0.19,0.3,0.38,0.35,0.23,0.27,0.2,0.21,0.37,0.2,0.52,0.4,0.2,0.21,0.16,0.27,0.43,0.43,0.43,0.2972,230.77,0.55,0.13,0.122,Increasing
pinecone,0.49,0.49,0.21,0.69,0.49,0.21,0.69,0.22,0.36,0.15,0.19,0.37,0.43,0.3,0.46,0.34,0.31,0.37,0.29,0.43,0.14,0.24,0.29,0.29,0.29,0.3496,-40.82,0.69,0.14,0.131,Decreasing
plotly,0.3,0.3,0.44,0.31,0.3,0.44,0.31,0.23,0.33,0.4,0.38,0.33,0.24,0.4,0.46,0.34,0.42,0.53,0.33,0.29,0.26,0.35,0.4,0.72,1.0,0.3924,140.0,1.0,0.23,0.111,Increasing
polars,0.21,0.21,0.39,0.28,0.21,0.39,0.28,0.41,0.43,0.17,0.73,0.27,0.55,0.18,0.2,0.22,0.41,0.16,0.26,0.35,0.33,0.29,0.36,0.26,0.16,0.3084,23.81,0.73,0.16,0.14,Stable
pytorch,0.0,0.0,0.0,0.0,0.0,0.0,0.0,0.0,0.0,0.0,4.233341800016933e-05,0.0,8.466683600033866e-05,8.466683600033866e-05,0.000211667,0.000592668,0.003852341,0.1419862839725679,0.4504699009398019,0.7356701380069427,0.9824316315299296,0.9114384895436456,0.9102108204216408,1.0,1.0,0.2455,-37.7,1.0,0.0,0.153,Decreasing
qiskit,0.22,0.22,0.25,0.43,0.22,0.25,0.43,0.32,0.52,0.26,0.4,0.44,0.26,0.36,0.27,0.39,0.22,0.2,0.3,0.34,0.25,0.38,0.2,0.21,0.22,0.3024,-4.55,0.52,0.2,0.093,Stable
quantumcomputing,0.27,0.27,0.48,0.33,0.27,0.48,0.33,0.11,0.4,0.37,0.44,0.28,0.59,0.12,0.36,0.42,0.17,0.39,0.35,0.65,0.6,0.24,0.14,0.22,0.3,0.3432,-18.52,0.65,0.11,0.158,Stable
rag,0.35,0.35,0.3,0.4,0.35,0.3,0.4,0.26,0.19,0.22,0.25,0.27,0.42,0.15,0.19,0.34,0.35,0.29,0.5,0.52,0.51,0.47,0.5,0.23,0.0,0.3244,-34.29,0.52,0.0,0.119,Decreasing
raphtory,0.33,0.33,0.77,0.48,0.33,0.77,0.48,0.57,0.43,0.13,0.2,0.27,0.3,0.22,0.2,0.43,0.36,0.43,0.4,0.49,0.29,0.52,0.47,0.41,0.35,0.3984,24.24,0.77,0.13,0.15,Stable
rapids.ai,0.0,0.0,0.0,0.0,0.0,0.0,0.0,0.0,0.0,0.0,0.0,0.0,0.0,0.0,0.0,0.0,0.0,0.0,0.5,1.0,0.6,0.1,0.7,0.8,0.9,0.184,8.0,1.0,0.0,0.123,Stable
reinforcementlearning,0.45,0.45,0.25,0.39,0.45,0.25,0.39,0.52,0.8,0.3,0.28,0.54,0.63,0.39,0.26,0.45,0.39,0.18,0.39,0.55,0.3,0.36,0.29,0.3,0.31,0.3948,-33.33,0.8,0.18,0.149,Decreasing
roberta,0.22,0.22,0.19,0.38,0.22,0.19,0.38,0.5,0.26,0.15,0.45,0.27,0.31,0.41,0.6,0.25,0.13,0.57,0.45,0.39,0.25,0.38,0.54,0.42,0.3,0.3372,90.91,0.6,0.13,0.139,Increasing
scikit-learn,0.52,0.52,0.24,0.5,0.52,0.24,0.5,0.35,0.2,0.7,0.2,0.34,0.14,0.38,0.17,0.5,0.32,0.39,0.4,0.56,0.47,0.33,0.49,0.2,0.0,0.3672,-61.54,0.7,0.0,0.15,Decreasing
seaborn,0.65,0.65,0.33,0.51,0.65,0.33,0.51,0.51,0.25,0.33,0.59,0.56,0.3,0.4,0.68,0.29,0.45,0.23,0.53,0.57,0.28,0.34,0.18,0.28,0.38,0.4312,-56.92,0.68,0.18,0.151,Decreasing
sentence-bert,0.38,0.38,0.73,0.26,0.38,0.73,0.26,0.25,0.3,0.24,0.31,0.31,0.44,0.24,0.22,0.42,0.2,0.26,0.19,0.18,0.43,0.2,0.49,0.47,0.45,0.3488,23.68,0.73,0.18,0.138,Stable
spacy,0.38,0.38,0.25,0.16,0.38,0.25,0.16,0.54,0.3,0.49,0.32,0.24,0.28,0.34,0.45,0.35,0.42,0.66,0.19,0.38,0.33,0.16,0.45,0.65,0.85,0.3744,71.05,0.85,0.16,0.144,Increasing
stanza,0.22,0.22,0.13,0.34,0.22,0.13,0.34,0.27,0.42,0.3,0.34,0.32,0.19,0.37,0.68,0.22,0.3,0.34,0.6,0.45,0.51,0.8,0.37,0.48,0.59,0.366,118.18,0.8,0.13,0.167,Increasing
t5,0.75,0.75,0.27,0.42,0.75,0.27,0.42,0.49,0.16,0.43,0.34,0.43,0.35,0.43,0.24,0.59,0.37,0.31,0.37,0.36,0.4,0.33,0.19,0.32,0.45,0.4076,-57.33,0.75,0.16,0.132,Decreasing
tensorflow,0.21,0.21,0.35,0.56,0.21,0.35,0.56,0.45,0.22,0.2,0.44,0.26,0.25,0.14,0.42,0.32,0.42,0.54,0.45,0.5,0.45,0.29,0.16,0.44,0.72,0.3648,109.52,0.72,0.14,0.13,Increasing
theano,0.36,0.36,0.55,0.2,0.36,0.55,0.2,0.32,0.34,0.5,0.34,0.34,0.48,0.31,0.25,0.37,0.34,0.22,0.27,0.42,0.32,0.31,0.38,0.42,0.46,0.3588,16.67,0.55,0.2,0.089,Stable
tinyml,0.0,0.0,0.0,0.0,0.0,0.0,0.0,0.0,0.0,0.0,0.0,0.0,0.002469136,0.0,0.0,0.0,0.004938272,0.009876543,0.014814815,0.044444444,0.3061728395061728,0.7308641975308642,0.9333333333333332,1.0,1.0,0.1619,-21.43,1.0,0.0,0.139,Decreasing
tpot,0.24,0.24,0.29,0.22,0.24,0.29,0.22,0.61,0.45,0.33,0.39,0.41,0.58,0.22,0.44,0.51,0.41,0.34,0.51,0.26,0.24,0.18,0.22,0.34,0.46,0.3456,41.67,0.61,0.18,0.128,Increasing
transformers,0.33,0.33,0.26,0.15,0.33,0.26,0.15,0.43,0.22,0.33,0.29,0.14,0.51,0.25,0.43,0.53,0.48,0.41,0.18,0.15,0.46,0.31,0.65,0.23,0.0,0.3124,-30.3,0.65,0.0,0.145,Stable
vaex,0.23,0.23,0.46,0.39,0.23,0.46,0.39,0.34,0.26,0.55,0.35,0.5,0.16,0.2,0.15,0.26,0.14,0.69,0.61,0.43,0.17,0.23,0.53,0.37,0.21,0.3416,60.87,0.69,0.14,0.165,Increasing
weights&biases,0.45,0.45,0.34,0.36,0.45,0.34,0.36,0.39,0.18,0.36,0.26,0.24,0.21,0.59,0.22,0.26,0.56,0.14,0.25,0.42,0.42,0.16,0.19,0.75,1.0,0.374,66.67,1.0,0.14,0.161,Increasing
whylogs,0.52,0.52,0.46,0.42,0.52,0.46,0.42,0.16,0.17,0.38,0.36,0.25,0.31,0.22,0.16,0.32,0.34,0.38,0.21,0.26,0.42,0.48,0.17,0.46,0.75,0.3648,-11.54,0.75,0.16,0.117,Stable
xgboost,0.22,0.22,0.19,0.22,0.22,0.19,0.22,0.23,0.52,0.47,0.21,0.36,0.58,0.26,0.31,0.54,0.24,0.25,0.46,0.35,0.64,0.5,0.34,0.34,0.34,0.3368,54.55,0.64,0.19,0.14,Increasing
ansible,0.0,0.0,0.0,0.0,0.0,0.0,0.0,0.0,3.051850947599719e-05,3.051850947599719e-05,9.155552842799158e-05,0.000335704,0.002990814,0.032380139,0.1594286935026093,0.3017059846797082,0.4814600054933317,0.6141544846949675,0.7162694174016541,0.7284157841731009,0.838068789,0.8426770836512345,0.8939481795709098,1.0,1.0,0.3045,253.33,1.0,0.0,0.155,Increasing
argocd,0.12,0.12,0.42,0.24,0.12,0.42,0.24,0.61,0.24,0.29,0.27,0.7,0.28,0.2,0.62,0.44,0.25,0.55,0.23,0.49,0.21,0.31,0.47,0.16,0.0,0.32,33.33,0.7,0.0,0.169,Stable
azure,0.0,0.0,0.0,0.0,0.0,0.0,0.0,0.0,4.04498017959712e-05,0.000121349,0.000525847,0.002871936,0.011346169,0.022206941,0.035858749,0.078897338,0.1491788690235417,0.2694765795647601,0.3559784807054445,0.4709974921122886,0.6906803656662083,0.7774451905185664,0.8334681660059866,1.0,1.0,0.228,25.0,1.0,0.0,0.121,Stable
aws,0.0,0.0,0.0,0.0,0.0,0.0,0.0,0.0,0.000146932,0.000596911,0.001065256,0.002975371,0.00742006,0.016869616,0.028045622,0.061922604,0.1169945084210333,0.217440814,0.3451429830844674,0.3965415909049167,0.5786636545631532,0.609666281,0.7704832222161001,1.0,1.0,0.2062,32.35,1.0,0.0,0.162,Increasing
bashscripting,0.0,0.0,0.0,0.0,0.0,0.0,0.0,0.0,0.0,0.004504505,0.0,0.018018018,0.031531532,0.040540541,0.045045045,0.076576577,0.1351351351351351,0.2162162162162162,0.1846846846846846,0.2837837837837837,0.3873873873873873,0.3963963963963964,0.6936936936936937,1.0,1.0,0.1805,-10.34,1.0,0.0,0.15,Stable
buddy,0.38,0.38,0.52,0.25,0.38,0.52,0.25,0.48,0.52,0.45,0.64,0.31,0.21,0.24,0.66,0.29,0.22,0.17,0.32,0.35,0.32,0.26,0.67,0.26,0.0,0.362,-31.58,0.67,0.0,0.157,Decreasing
buildkit,0.33,0.33,0.59,0.22,0.33,0.59,0.22,0.29,0.49,0.26,0.38,0.6,0.46,0.16,0.27,0.34,0.41,0.16,0.52,0.46,0.11,0.54,0.39,0.19,0.0,0.3456,-42.42,0.6,0.0,0.149,Decreasing
buildpacks,0.46,0.46,0.22,0.26,0.46,0.22,0.26,0.47,0.37,0.26,0.4,0.69,0.57,0.57,0.21,0.37,0.45,0.18,0.34,0.43,0.64,0.3,0.48,0.43,0.38,0.3952,-6.52,0.69,0.18,0.143,Stable
calico,0.43,0.43,0.37,0.25,0.43,0.37,0.25,0.5,0.32,0.23,0.23,0.4,0.47,0.31,0.31,0.61,0.41,0.48,0.55,0.58,0.4,0.21,0.16,0.31,0.46,0.3788,-27.91,0.61,0.16,0.129,Decreasing
chef,0.3,0.3,0.56,0.27,0.3,0.56,0.27,0.34,0.7,0.39,0.34,0.18,0.34,0.28,0.18,0.52,0.3,0.34,0.15,0.77,0.21,0.47,0.74,0.46,0.18,0.378,53.33,0.77,0.15,0.185,Increasing
cilium,0.18,0.18,0.46,0.3,0.18,0.46,0.3,0.48,0.19,0.25,0.27,0.18,0.39,0.33,0.28,0.15,0.26,0.55,0.34,0.14,0.26,0.75,0.46,0.37,0.28,0.3196,105.56,0.75,0.14,0.153,Increasing
circleci,0.48,0.48,0.36,0.4,0.48,0.36,0.4,0.24,0.57,0.56,0.43,0.38,0.27,0.47,0.14,0.35,0.44,0.29,0.2,0.32,0.33,0.35,0.2,0.42,0.64,0.3824,-12.5,0.64,0.14,0.116,Stable
cloudnativebuildpacks,0.38,0.38,0.39,0.51,0.38,0.39,0.51,0.52,0.29,0.79,0.33,0.41,0.44,0.63,0.23,0.21,0.28,0.55,0.44,0.17,0.23,0.51,0.36,0.38,0.4,0.4044,0.0,0.79,0.17,0.154,Stable
cloudformation,0.18,0.18,0.22,0.37,0.18,0.22,0.37,0.18,0.27,0.23,0.6,0.56,0.43,0.17,0.27,0.55,0.29,0.2,0.3,0.25,0.25,0.34,0.32,0.41,0.5,0.3136,127.78,0.6,0.17,0.13,Increasing
crossplane,0.39,0.39,0.28,0.32,0.39,0.28,0.32,0.52,0.18,0.3,0.59,0.36,0.4,0.68,0.54,0.49,0.28,0.48,0.41,0.18,0.35,0.46,0.56,0.17,0.0,0.3728,-56.41,0.68,0.0,0.143,Decreasing
datadog,0.26,0.26,0.32,0.14,0.26,0.32,0.14,0.52,0.29,0.44,0.38,0.32,0.28,0.18,0.35,0.25,0.5,0.54,0.17,0.34,0.57,0.35,0.49,0.24,0.0,0.3164,-7.69,0.57,0.0,0.128,Stable
devspace,0.57,0.57,0.31,0.68,0.57,0.31,0.68,0.41,0.18,0.39,0.12,0.38,0.33,0.56,0.28,0.38,0.46,0.34,0.33,0.42,0.52,0.75,0.15,0.38,0.61,0.4272,-33.33,0.75,0.12,0.162,Decreasing
docker,0.0,0.0,0.0,0.0,0.0,0.0,0.0,0.0,6.546216286986122e-06,3.273108143493061e-05,5.2369730295888974e-05,0.000137471,0.000399319,0.011468971,0.1048376538360827,0.238675046,0.3824299554857292,0.5095312909138517,0.6150562974600681,0.7318538884524745,0.8633935585231736,0.8059570568211574,0.8850877192982456,1.0,1.0,0.286,0.0,1.0,0.0,0.129,Stable
drone,0.49,0.49,0.21,0.36,0.49,0.21,0.36,0.27,0.33,0.39,0.32,0.28,0.38,0.35,0.66,0.48,0.44,0.22,0.26,0.31,0.2,0.42,0.42,0.58,0.74,0.3864,18.37,0.74,0.2,0.121,Stable
earthly,0.61,0.61,0.56,0.59,0.61,0.56,0.59,0.47,0.44,0.43,0.26,0.66,0.3,0.24,0.22,0.32,0.16,0.24,0.28,0.33,0.26,0.13,0.32,0.37,0.42,0.3992,-39.34,0.66,0.13,0.153,Decreasing
elk,0.28,0.28,0.34,0.27,0.28,0.34,0.27,0.15,0.3,0.45,0.53,0.38,0.28,0.31,0.13,0.3,0.34,0.43,0.41,0.34,0.43,0.29,0.5,0.55,0.6,0.3512,96.43,0.6,0.13,0.112,Increasing
fluentd,0.34,0.34,0.31,0.32,0.34,0.31,0.32,0.26,0.42,0.58,0.17,0.18,0.8,0.48,0.51,0.37,0.46,0.69,0.55,0.19,0.24,0.32,0.44,0.18,0.0,0.3648,-47.06,0.8,0.0,0.176,Decreasing
githubactions,0.0,0.0,0.0,0.0,0.0,0.0,0.0,0.0,0.0,0.0,0.0,0.0,0.000341064,0.0,0.0,0.000341064,0.000682128,0.000341064,0.004774898,0.048431105,0.2268076398362892,0.4010914051841746,0.652455662,1.0,1.0,0.1334,53.66,1.0,0.0,0.142,Increasing
gitlabci,0.0,0.0,0.0,0.0,0.0,0.0,0.0,0.0,0.0,0.0,0.0,0.0,0.0,0.064102564,0.038461538,0.038461538,0.2435897435897435,0.3717948717948718,0.8076923076923077,0.8974358974358975,1.0,0.8461538461538461,0.8461538461538461,0.8717948717948718,0.8974,0.2769,-36.84,1.0,0.0,0.117,Decreasing
gitops,0.0,0.0,0.0,0.0,0.0,0.0,0.0,0.0,0.0,0.0,0.0,0.0,0.0,0.0,0.000225479,0.000225479,0.000789177,0.002142052,0.01837655,0.082976325,0.1994363021420518,0.3956031567080045,0.7112739571589628,1.0,1.0,0.1364,-11.76,1.0,0.0,0.132,Stable
grafana,0.28,0.28,0.25,0.35,0.28,0.25,0.35,0.36,0.45,0.3,0.4,0.26,0.33,0.4,0.36,0.18,0.5,0.39,0.43,0.59,0.65,0.21,0.26,0.21,0.16,0.3392,-25.0,0.65,0.16,0.124,Stable
harbor,0.52,0.52,0.28,0.61,0.52,0.28,0.61,0.35,0.25,0.38,0.32,0.66,0.47,0.24,0.49,0.43,0.35,0.33,0.45,0.44,0.56,0.25,0.25,0.67,1.0,0.4492,28.85,1.0,0.24,0.138,Increasing
helm,0.3,0.3,0.45,0.3,0.3,0.45,0.3,0.18,0.44,0.17,0.44,0.46,0.22,0.35,0.48,0.16,0.37,0.43,0.22,0.18,0.55,0.23,0.31,0.32,0.33,0.3296,6.67,0.55,0.16,0.12,Stable
istio,0.61,0.61,0.39,0.31,0.61,0.39,0.31,0.31,0.12,0.32,0.16,0.22,0.15,0.42,0.41,0.43,0.47,0.4,0.36,0.46,0.46,0.5,0.27,0.36,0.45,0.38,-40.98,0.61,0.12,0.126,Decreasing
jenkins,0.0,0.0,0.0,0.0,0.0,0.0,0.0,0.0,1.768377866982617e-05,8.841889334913084e-05,0.006967409,0.010026703,0.018444181,0.030769775,0.04951458,0.085890113,0.1494456135387009,0.2798281136713293,0.4179914764186811,0.4863923323135687,0.5843074148083962,0.6914180622115333,0.8428796265185945,1.0,1.0,0.2262,-39.22,1.0,0.0,0.15,Decreasing
kibana,0.31,0.31,0.56,0.31,0.31,0.56,0.31,0.49,0.3,0.81,0.47,0.26,0.24,0.22,0.22,0.25,0.23,0.51,0.65,0.14,0.64,0.77,0.38,0.37,0.36,0.3992,19.35,0.81,0.14,0.196,Stable
knative,0.27,0.27,0.37,0.31,0.27,0.37,0.31,0.59,0.44,0.38,0.49,0.13,0.2,0.21,0.12,0.57,0.29,0.41,0.31,0.23,0.25,0.27,0.25,0.54,0.83,0.3472,100.0,0.83,0.12,0.139,Increasing
kubernetes,0.0,0.0,0.0,0.0,0.0,0.0,0.0,0.0,0.0,7.200720072007201e-05,3.6003600360036005e-05,0.000252025,0.000216022,0.000828083,0.006192619,0.033375338,0.099981998,0.2368676867686768,0.481008101,0.670927093,0.857965797,0.8267506750675068,0.9138433843384338,1.0,1.0,0.2451,90.0,1.0,0.0,0.172,Increasing
kustomize,0.21,0.21,0.22,0.47,0.21,0.22,0.47,0.13,0.15,0.42,0.23,0.33,0.64,0.39,0.28,0.33,0.38,0.54,0.37,0.28,0.5,0.4,0.37,0.57,0.77,0.3636,171.43,0.77,0.13,0.138,Increasing
linkerd,0.3,0.3,0.5,0.23,0.3,0.5,0.23,0.71,0.82,0.16,0.27,0.19,0.28,0.27,0.53,0.48,0.45,0.48,0.33,0.29,0.25,0.39,0.36,0.4,0.44,0.3784,33.33,0.82,0.16,0.169,Stable
logstash,0.26,0.26,0.33,0.35,0.26,0.33,0.35,0.44,0.26,0.28,0.47,0.34,0.25,0.61,0.17,0.13,0.44,0.36,0.26,0.49,0.33,0.58,0.54,0.27,0.0,0.3344,3.85,0.61,0.0,0.132,Stable
longhorn,0.31,0.31,0.25,0.53,0.31,0.25,0.53,0.29,0.58,0.39,0.37,0.18,0.29,0.19,0.36,0.61,0.39,0.42,0.36,0.55,0.33,0.5,0.15,0.37,0.59,0.3764,19.35,0.61,0.15,0.132,Stable
minikube,0.49,0.49,0.17,0.43,0.49,0.17,0.43,0.31,0.22,0.44,0.29,0.51,0.19,0.38,0.24,0.17,0.15,0.29,0.17,0.45,0.53,0.21,0.31,0.2,0.09,0.3128,-59.18,0.53,0.09,0.128,Decreasing
newrelic,0.37,0.37,0.31,0.37,0.37,0.31,0.37,0.41,0.35,0.58,0.62,0.44,0.29,0.61,0.34,0.23,0.17,0.63,0.33,0.22,0.33,0.37,0.14,0.28,0.42,0.3692,-24.32,0.63,0.14,0.144,Stable
nixops,0.47,0.47,0.54,0.41,0.47,0.54,0.41,0.22,0.33,0.16,0.18,0.45,0.58,0.14,0.42,0.12,0.46,0.3,0.41,0.25,0.28,0.39,0.14,0.36,0.58,0.3632,-23.4,0.58,0.12,0.14,Decreasing
openshift,0.31,0.31,0.25,0.2,0.31,0.25,0.2,0.21,0.23,0.34,0.28,0.36,0.21,0.2,0.46,0.38,0.47,0.25,0.76,0.34,0.53,0.14,0.43,0.33,0.23,0.3192,6.45,0.76,0.14,0.145,Stable
opentelemetry,0.38,0.38,0.17,0.3,0.38,0.17,0.3,0.33,0.32,0.26,0.42,0.41,0.21,0.17,0.3,0.18,0.33,0.27,0.23,0.61,0.65,0.28,0.38,0.36,0.34,0.3252,-5.26,0.65,0.17,0.128,Stable
portainer,0.3,0.3,0.27,0.24,0.3,0.27,0.24,0.72,0.19,0.45,0.4,0.3,0.45,0.27,0.21,0.45,0.33,0.52,0.32,0.47,0.61,0.2,0.25,0.53,0.81,0.376,76.67,0.81,0.19,0.147,Increasing
prometheus,0.31,0.31,0.25,0.37,0.31,0.25,0.37,0.46,0.64,0.2,0.42,0.47,0.48,0.18,0.3,0.36,0.16,0.43,0.54,0.24,0.17,0.37,0.28,0.26,0.24,0.3348,-16.13,0.64,0.16,0.133,Stable
pulumi,0.64,0.64,0.35,0.58,0.64,0.35,0.58,0.21,0.35,0.18,0.31,0.46,0.54,0.21,0.6,0.16,0.22,0.18,0.31,0.29,0.49,0.15,0.3,0.44,0.58,0.3904,-31.25,0.64,0.15,0.158,Decreasing
puppet,0.27,0.27,0.22,0.22,0.27,0.22,0.22,0.11,0.32,0.35,0.37,0.37,0.14,0.56,0.35,0.36,0.43,0.42,0.28,0.6,0.17,0.19,0.16,0.35,0.54,0.3104,29.63,0.6,0.11,0.132,Stable
rancher,0.4,0.4,0.24,0.34,0.4,0.24,0.34,0.21,0.19,0.14,0.15,0.57,0.27,0.41,0.15,0.26,0.3,0.27,0.38,0.31,0.54,0.36,0.26,0.58,0.9,0.3444,45.0,0.9,0.14,0.133,Increasing
saltstack,0.24,0.24,0.18,0.25,0.24,0.18,0.25,0.4,0.38,0.51,0.24,0.51,0.47,0.46,0.27,0.46,0.46,0.7,0.21,0.36,0.6,0.23,0.24,0.19,0.14,0.3364,-20.83,0.7,0.14,0.15,Stable
sentry,0.63,0.63,0.41,0.22,0.63,0.41,0.22,0.29,0.18,0.42,0.26,0.21,0.18,0.26,0.38,0.21,0.39,0.16,0.56,0.38,0.35,0.16,0.52,0.62,0.72,0.376,-1.59,0.72,0.16,0.152,Stable
skaffold,0.22,0.22,0.25,0.39,0.22,0.25,0.39,0.51,0.19,0.33,0.38,0.21,0.53,0.48,0.57,0.29,0.35,0.24,0.62,0.68,0.2,0.4,0.42,0.26,0.1,0.348,18.18,0.68,0.1,0.149,Stable
skupper,0.23,0.23,0.23,0.2,0.23,0.23,0.2,0.23,0.23,0.27,0.21,0.18,0.48,0.19,0.65,0.28,0.2,0.59,0.53,0.46,0.5,0.43,0.41,0.22,0.03,0.3056,-4.35,0.65,0.03,0.153,Stable
spinnaker,0.52,0.52,0.51,0.4,0.52,0.51,0.4,0.33,0.13,0.34,0.44,0.24,0.18,0.29,0.45,0.39,0.31,0.45,0.28,0.35,0.16,0.33,0.26,0.56,0.86,0.3892,7.69,0.86,0.13,0.12,Stable
splunk,0.41,0.41,0.58,0.42,0.41,0.58,0.42,0.56,0.18,0.33,0.29,0.41,0.27,0.25,0.25,0.26,0.32,0.39,0.43,0.18,0.18,0.27,0.3,0.36,0.42,0.3552,-12.2,0.58,0.18,0.114,Stable
teamcity,0.3,0.3,0.44,0.26,0.3,0.44,0.26,0.22,0.35,0.57,0.4,0.72,0.28,0.5,0.24,0.57,0.34,0.3,0.28,0.17,0.56,0.34,0.27,0.52,0.77,0.388,73.33,0.77,0.17,0.147,Increasing
tekton,0.44,0.44,0.55,0.35,0.44,0.55,0.35,0.26,0.36,0.58,0.24,0.36,0.4,0.32,0.33,0.48,0.27,0.4,0.36,0.26,0.19,0.16,0.15,0.22,0.29,0.35,-50.0,0.58,0.15,0.12,Decreasing
terraform,0.0,0.0,0.0,0.0,0.0,0.0,0.0,0.0,0.0,1.4469895382656383e-05,1.4469895382656383e-05,0.000217048,0.000448567,0.000810314,0.001910026,0.009419902,0.025901113,0.07324661,0.1567089669941686,0.2565512451344977,0.4142152252239216,0.5368620584873172,0.7624043178167822,1.0,1.0,0.1695,-42.42,1.0,0.0,0.156,Decreasing
tilt,0.27,0.27,0.3,0.13,0.27,0.3,0.13,0.38,0.42,0.6,0.31,0.44,0.23,0.28,0.26,0.62,0.61,0.56,0.21,0.29,0.56,0.52,0.55,0.27,0.0,0.3512,0.0,0.62,0.0,0.155,Stable
travisci,0.3,0.3,0.19,0.3,0.3,0.19,0.3,0.34,0.45,0.41,0.29,0.42,0.6,0.47,0.16,0.14,0.26,0.3,0.23,0.35,0.28,0.27,0.36,0.17,0.0,0.2952,-43.33,0.6,0.0,0.116,Decreasing
weave,0.59,0.59,0.26,0.64,0.59,0.26,0.64,0.16,0.48,0.25,0.59,0.25,0.26,0.29,0.42,0.47,0.72,0.11,0.22,0.38,0.17,0.47,0.25,0.27,0.29,0.3848,-54.24,0.72,0.11,0.175,Decreasing
airbyte,0.0,0.0,0.0,0.0,0.0,0.0,0.0,0.0,0.0,0.0,0.0,0.0,0.0,0.0,0.0,0.0,0.0,0.0,0.0,0.002659574,0.007978723,0.1914893617021276,0.6702127659574468,1.0,1.0,0.1149,8.16,1.0,0.0,0.128,Stable
apachepinot,0.4,0.4,0.42,0.46,0.4,0.42,0.46,0.3,0.29,0.59,0.34,0.43,0.42,0.65,0.43,0.27,0.24,0.23,0.23,0.27,0.53,0.83,0.62,0.39,0.16,0.4072,-2.5,0.83,0.16,0.161,Stable
arangodb,0.35,0.35,0.31,0.58,0.35,0.31,0.58,0.29,0.25,0.49,0.34,0.29,0.27,0.37,0.4,0.39,0.22,0.44,0.6,0.23,0.77,0.31,0.51,0.33,0.15,0.3792,-5.71,0.77,0.15,0.142,Stable
beam,0.28,0.28,0.14,0.51,0.28,0.14,0.51,0.54,0.32,0.5,0.29,0.3,0.42,0.14,0.56,0.41,0.59,0.48,0.35,0.47,0.27,0.25,0.26,0.29,0.32,0.356,3.57,0.59,0.14,0.135,Stable
bigquery,0.28,0.28,0.26,0.4,0.28,0.26,0.4,0.62,0.37,0.28,0.44,0.29,0.28,0.33,0.66,0.19,0.17,0.4,0.23,0.15,0.6,0.31,0.29,0.25,0.21,0.3292,-10.71,0.66,0.15,0.145,Stable
bigtable,0.48,0.48,0.17,0.45,0.48,0.17,0.45,0.56,0.47,0.51,0.2,0.46,0.65,0.15,0.18,0.46,0.3,0.34,0.42,0.47,0.42,0.59,0.42,0.35,0.28,0.3964,-27.08,0.65,0.15,0.142,Decreasing
couchdb,0.19,0.19,0.31,0.23,0.19,0.31,0.23,0.21,0.15,0.23,0.57,0.22,0.25,0.24,0.21,0.52,0.3,0.34,0.17,0.17,0.37,0.55,0.5,0.23,0.0,0.2752,21.05,0.57,0.0,0.134,Stable
cratedb,0.16,0.16,0.51,0.31,0.16,0.51,0.31,0.58,0.39,0.56,0.25,0.28,0.29,0.54,0.62,0.31,0.34,0.62,0.25,0.43,0.42,0.34,0.27,0.39,0.51,0.3804,143.75,0.62,0.16,0.137,Increasing
databricks,0.44,0.44,0.2,0.58,0.44,0.2,0.58,0.37,0.29,0.29,0.23,0.68,0.5,0.41,0.49,0.2,0.46,0.35,0.53,0.41,0.41,0.25,0.16,0.46,0.76,0.4052,4.55,0.76,0.16,0.139,Stable
deltalake,0.26,0.26,0.57,0.59,0.26,0.57,0.59,0.28,0.32,0.18,0.5,0.46,0.53,0.24,0.2,0.18,0.24,0.33,0.3,0.41,0.21,0.2,0.32,0.15,0.0,0.326,-42.31,0.59,0.0,0.139,Decreasing
dremio,0.52,0.52,0.32,0.36,0.52,0.32,0.36,0.33,0.31,0.63,0.16,0.23,0.33,0.65,0.63,0.26,0.29,0.18,0.31,0.35,0.44,0.5,0.34,0.49,0.64,0.3996,-5.77,0.65,0.16,0.146,Stable
duckdb,0.5,0.5,0.42,0.33,0.5,0.42,0.33,0.41,0.23,0.5,0.62,0.39,0.65,0.16,0.17,0.56,0.39,0.26,0.24,0.35,0.48,0.5,0.2,0.27,0.34,0.3888,-46.0,0.65,0.16,0.148,Decreasing
dynamodb,0.35,0.35,0.23,0.23,0.35,0.23,0.23,0.59,0.36,0.43,0.29,0.24,0.16,0.28,0.19,0.4,0.39,0.38,0.47,0.29,0.22,0.4,0.49,0.15,0.0,0.308,-57.14,0.59,0.0,0.118,Decreasing
edgedb,0.5,0.5,0.33,0.45,0.5,0.33,0.45,0.47,0.38,0.4,0.52,0.7,0.32,0.37,0.3,0.37,0.53,0.45,0.36,0.12,0.59,0.39,0.25,0.36,0.47,0.4164,-28.0,0.7,0.12,0.126,Decreasing
etl,0.0,0.0,0.0,0.0,0.0,0.0,0.0,0.0,0.000151114,0.001057801,0.001057801,0.00355119,0.00846241,0.014733661,0.025840574,0.042160937,0.067548168,0.1095579901775595,0.1554967888175293,0.3155270117113714,0.4635436343029845,0.5978088401964489,0.7523989421987155,1.0,1.0,0.1824,-9.8,1.0,0.0,0.138,Stable
flink,0.56,0.56,0.53,0.24,0.56,0.53,0.24,0.63,0.26,0.47,0.36,0.22,0.35,0.36,0.27,0.51,0.45,0.61,0.57,0.33,0.15,0.31,0.35,0.23,0.11,0.3904,-58.93,0.63,0.11,0.144,Decreasing
firebase,0.0,0.0,0.0,0.0,0.0,0.0,0.0,0.0,0.0,0.0,0.0,3.134943649387902e-05,0.000626989,0.006489333,0.017665407,0.039139771,0.1351787701616063,0.3112842296659717,0.4377165070457858,0.5043027101587849,0.7738294904149098,0.8817029013903475,0.9412981801652116,1.0,1.0,0.242,-50.0,1.0,0.0,0.143,Decreasing
firebolt,0.15,0.15,0.3,0.37,0.15,0.3,0.37,0.43,0.14,0.19,0.28,0.26,0.35,0.16,0.14,0.79,0.4,0.19,0.21,0.26,0.2,0.39,0.57,0.19,0.0,0.2776,26.67,0.79,0.0,0.163,Stable
firestore,0.11,0.11,0.35,0.34,0.11,0.35,0.34,0.5,0.22,0.56,0.46,0.56,0.19,0.39,0.73,0.36,0.26,0.37,0.39,0.23,0.27,0.44,0.45,0.19,0.0,0.3312,72.73,0.73,0.0,0.152,Stable
graphdb,0.5,0.5,0.39,0.32,0.5,0.39,0.32,0.47,0.17,0.49,0.4,0.4,0.32,0.25,0.26,0.55,0.47,0.32,0.17,0.29,0.52,0.38,0.21,0.23,0.25,0.3628,-54.0,0.55,0.17,0.119,Decreasing
hadoop,0.33,0.33,0.6,0.16,0.33,0.6,0.16,0.18,0.47,0.55,0.34,0.55,0.31,0.61,0.41,0.61,0.24,0.27,0.38,0.22,0.46,0.42,0.3,0.63,0.96,0.4168,90.91,0.96,0.16,0.153,Increasing
hbase,0.21,0.21,0.25,0.59,0.21,0.25,0.59,0.52,0.25,0.66,0.28,0.21,0.37,0.27,0.36,0.42,0.44,0.46,0.4,0.55,0.16,0.62,0.24,0.46,0.68,0.3864,119.05,0.68,0.16,0.15,Increasing
hive,0.36,0.36,0.24,0.25,0.36,0.24,0.25,0.4,0.36,0.22,0.14,0.2,0.32,0.14,0.36,0.3,0.43,0.52,0.2,0.33,0.19,0.23,0.23,0.37,0.51,0.3004,2.78,0.52,0.14,0.101,Stable
influxdb,0.32,0.32,0.29,0.38,0.32,0.29,0.38,0.28,0.33,0.43,0.32,0.37,0.27,0.24,0.2,0.27,0.28,0.29,0.37,0.48,0.75,0.37,0.38,0.27,0.16,0.3344,-15.62,0.75,0.16,0.117,Stable
kafka,0.35,0.35,0.2,0.62,0.35,0.2,0.62,0.24,0.3,0.33,0.47,0.47,0.22,0.21,0.14,0.32,0.67,0.22,0.47,0.27,0.13,0.44,0.41,0.35,0.29,0.3456,0.0,0.67,0.13,0.149,Stable
leveldb,0.31,0.31,0.43,0.48,0.31,0.43,0.48,0.41,0.19,0.46,0.31,0.15,0.41,0.29,0.25,0.34,0.44,0.3,0.27,0.5,0.39,0.35,0.34,0.5,0.66,0.3724,61.29,0.66,0.15,0.099,Increasing
lmdb,0.46,0.46,0.16,0.64,0.46,0.16,0.64,0.42,0.27,0.29,0.38,0.46,0.27,0.25,0.43,0.49,0.24,0.38,0.27,0.3,0.13,0.18,0.43,0.54,0.65,0.3744,17.39,0.65,0.13,0.135,Stable
mariadb,0.21,0.21,0.62,0.25,0.21,0.62,0.25,0.18,0.53,0.53,0.21,0.42,0.44,0.33,0.26,0.27,0.37,0.43,0.12,0.49,0.2,0.28,0.33,0.33,0.33,0.3368,57.14,0.62,0.12,0.136,Increasing
materialize,0.32,0.32,0.35,0.29,0.32,0.35,0.29,0.43,0.46,0.5,0.14,0.44,0.27,0.22,0.48,0.25,0.24,0.4,0.4,0.15,0.63,0.42,0.42,0.27,0.12,0.3392,-15.62,0.63,0.12,0.126,Stable
mongodb,0.0,0.0,0.0,0.0,0.0,0.0,0.0,0.0,2.482529200749724e-05,0.001216439,0.006417338,0.011643062,0.0233606,0.041209985,0.062187356,0.091468788,0.1375197050755309,0.2496058984893809,0.3294812755235033,0.3919292975683626,0.5753757928577635,0.6476049799535767,0.7788190608592034,1.0,1.0,0.2139,48.0,1.0,0.0,0.12,Increasing
mysql,0.0,0.0,0.0,0.0,0.0,0.0,0.0,0.0,0.001082692,0.003364495,0.006472869,0.012887528,0.02668312,0.047102926,0.071876783,0.1173032818375496,0.1798782262477153,0.3061806582302059,0.4114695507410038,0.480331094,0.6060048662933514,0.6714786313840996,0.8327531811355461,1.0,1.0,0.231,-11.63,1.0,0.0,0.172,Stable
neo4j,0.24,0.24,0.45,0.22,0.24,0.45,0.22,0.48,0.31,0.31,0.36,0.18,0.24,0.49,0.29,0.37,0.23,0.29,0.24,0.35,0.23,0.27,0.37,0.22,0.07,0.2944,-8.33,0.49,0.07,0.09,Stable
nifi,0.19,0.19,0.39,0.66,0.19,0.39,0.66,0.52,0.45,0.65,0.23,0.39,0.63,0.43,0.4,0.15,0.15,0.48,0.42,0.5,0.18,0.26,0.34,0.32,0.3,0.3788,68.42,0.66,0.15,0.161,Increasing
opensearch,0.39,0.39,0.41,0.27,0.39,0.41,0.27,0.28,0.28,0.46,0.16,0.46,0.17,0.29,0.23,0.32,0.14,0.57,0.33,0.32,0.54,0.3,0.4,0.36,0.32,0.3384,-7.69,0.57,0.14,0.118,Stable
oracledb,0.38,0.38,0.31,0.37,0.38,0.31,0.37,0.68,0.34,0.57,0.53,0.22,0.2,0.36,0.55,0.25,0.57,0.2,0.37,0.4,0.27,0.23,0.22,0.46,0.7,0.3848,21.05,0.7,0.2,0.144,Stable
pig,0.17,0.17,0.48,0.34,0.17,0.48,0.34,0.24,0.35,0.14,0.33,0.15,0.32,0.2,0.3,0.44,0.37,0.46,0.23,0.26,0.35,0.23,0.28,0.61,0.94,0.334,258.82,0.94,0.14,0.12,Increasing
planetscale,0.53,0.53,0.22,0.38,0.53,0.22,0.38,0.29,0.45,0.14,0.36,0.62,0.25,0.22,0.17,0.1,0.37,0.25,0.27,0.37,0.35,0.36,0.25,0.55,0.85,0.3604,3.77,0.85,0.1,0.137,Stable
postgresql,0.0,0.0,0.0,0.0,0.0,0.0,0.0,0.0,0.000791164,0.003069717,0.007057185,0.01208899,0.021551315,0.033292193,0.054653628,0.082091205,0.1148770530712997,0.1951644039368334,0.2385834994778315,0.3044400139244912,0.4637488528117978,0.5848602803886199,0.7629038893635874,1.0,1.0,0.1952,28.95,1.0,0.0,0.135,Increasing
presto,0.29,0.29,0.16,0.13,0.29,0.16,0.13,0.63,0.32,0.42,0.12,0.46,0.41,0.59,0.38,0.2,0.25,0.42,0.13,0.3,0.5,0.32,0.63,0.19,0.0,0.3088,-34.48,0.63,0.0,0.164,Stable
pulsar,0.13,0.13,0.2,0.41,0.13,0.2,0.41,0.31,0.36,0.46,0.28,0.33,0.58,0.2,0.35,0.3,0.16,0.2,0.33,0.51,0.61,0.48,0.36,0.42,0.48,0.3332,223.08,0.61,0.13,0.135,Increasing
questdb,0.48,0.48,0.58,0.41,0.48,0.58,0.41,0.29,0.31,0.3,0.2,0.38,0.27,0.39,0.32,0.42,0.6,0.59,0.43,0.2,0.21,0.33,0.64,0.7,0.76,0.4304,45.83,0.76,0.2,0.152,Increasing
redis,0.37,0.37,0.24,0.17,0.37,0.24,0.17,0.22,0.35,0.34,0.2,0.35,0.66,0.49,0.19,0.46,0.21,0.36,0.32,0.35,0.17,0.24,0.23,0.23,0.23,0.3012,-37.84,0.66,0.17,0.125,Decreasing
rethinkdb,0.42,0.42,0.21,0.29,0.42,0.21,0.29,0.58,0.34,0.17,0.28,0.49,0.54,0.68,0.25,0.41,0.41,0.51,0.36,0.52,0.31,0.38,0.38,0.34,0.3,0.3804,-19.05,0.68,0.17,0.13,Stable
rocksdb,0.39,0.39,0.38,0.17,0.39,0.38,0.17,0.24,0.42,0.38,0.33,0.35,0.24,0.64,0.13,0.23,0.41,0.5,0.35,0.49,0.67,0.31,0.27,0.52,0.77,0.3808,33.33,0.77,0.13,0.143,Increasing
singlestore,0.15,0.15,0.55,0.48,0.15,0.55,0.48,0.26,0.22,0.21,0.46,0.22,0.55,0.49,0.39,0.21,0.29,0.27,0.19,0.25,0.53,0.39,0.22,0.24,0.26,0.3264,60.0,0.55,0.15,0.136,Stable
snowflake,0.3,0.3,0.27,0.18,0.3,0.27,0.18,0.14,0.25,0.49,0.47,0.21,0.22,0.31,0.29,0.21,0.23,0.34,0.42,0.17,0.45,0.22,0.31,0.54,0.77,0.3136,80.0,0.77,0.14,0.116,Increasing
spark,0.48,0.48,0.71,0.42,0.48,0.71,0.42,0.25,0.49,0.34,0.24,0.56,0.18,0.33,0.2,0.28,0.39,0.37,0.57,0.76,0.37,0.41,0.35,0.31,0.27,0.4148,-35.42,0.76,0.18,0.157,Decreasing
sqlite,0.0,0.0,0.0,0.0,0.0,0.0,0.0,0.0,0.001044993,0.00563135,0.009811321,0.021886792,0.039825835,0.073497823,0.1102467343976777,0.1955878084179971,0.2880116110304789,0.4211320754716981,0.4974746008708273,0.5792743105950653,0.7312046444121916,0.7714368650217707,0.8683889695210449,1.0,1.0,0.2646,122.22,1.0,0.0,0.167,Increasing
storm,0.32,0.32,0.5,0.33,0.32,0.5,0.33,0.33,0.27,0.26,0.27,0.45,0.29,0.17,0.21,0.17,0.21,0.32,0.21,0.36,0.42,0.42,0.37,0.36,0.35,0.3224,12.5,0.5,0.17,0.093,Stable
surrealdb,0.2,0.2,0.36,0.65,0.2,0.36,0.65,0.46,0.63,0.37,0.48,0.27,0.13,0.3,0.24,0.12,0.23,0.28,0.48,0.56,0.12,0.29,0.58,0.43,0.28,0.3548,115.0,0.65,0.12,0.168,Increasing
timescale,0.45,0.45,0.28,0.12,0.45,0.28,0.12,0.27,0.13,0.26,0.46,0.14,0.2,0.47,0.25,0.16,0.28,0.45,0.16,0.29,0.54,0.32,0.48,0.24,0.0,0.29,-46.67,0.54,0.0,0.133,Decreasing
timescaledb,0.33,0.33,0.42,0.48,0.33,0.42,0.48,0.29,0.33,0.23,0.2,0.46,0.15,0.47,0.58,0.22,0.16,0.28,0.5,0.37,0.45,0.16,0.15,0.22,0.29,0.332,-33.33,0.58,0.15,0.136,Decreasing
trino,0.45,0.45,0.18,0.41,0.45,0.18,0.41,0.2,0.32,0.3,0.36,0.42,0.67,0.5,0.26,0.24,0.13,0.35,0.23,0.48,0.3,0.29,0.47,0.38,0.29,0.3488,-15.56,0.67,0.13,0.13,Stable
turso,0.43,0.43,0.31,0.54,0.43,0.31,0.54,0.63,0.51,0.24,0.2,0.33,0.27,0.43,0.26,0.14,0.15,0.28,0.33,0.42,0.42,0.3,0.47,0.32,0.17,0.3544,-25.58,0.63,0.14,0.13,Decreasing
victoriametrics,0.62,0.62,0.29,0.65,0.62,0.29,0.65,0.57,0.28,0.51,0.35,0.27,0.43,0.29,0.5,0.37,0.34,0.37,0.25,0.27,0.25,0.46,0.68,0.33,0.0,0.4104,-46.77,0.68,0.0,0.14,Decreasing
vitess,0.61,0.61,0.4,0.35,0.61,0.4,0.35,0.47,0.32,0.34,0.8,0.61,0.26,0.32,0.21,0.46,0.13,0.38,0.5,0.74,0.26,0.25,0.61,0.27,0.0,0.4104,-55.74,0.8,0.0,0.182,Decreasing
zookeeper,0.18,0.18,0.36,0.31,0.18,0.36,0.31,0.45,0.35,0.3,0.25,0.36,0.32,0.35,0.73,0.57,0.13,0.46,0.33,0.26,0.49,0.48,0.33,0.42,0.51,0.3588,133.33,0.73,0.13,0.135,Increasing
bazaar,0.41,0.41,0.41,0.58,0.41,0.41,0.58,0.2,0.2,0.36,0.35,0.3,0.16,0.18,0.25,0.5,0.52,0.46,0.33,0.66,0.49,0.36,0.28,0.14,0.0,0.358,-65.85,0.66,0.0,0.147,Decreasing
bitbucket,0.65,0.65,0.48,0.25,0.65,0.48,0.25,0.41,0.37,0.29,0.35,0.2,0.23,0.18,0.39,0.26,0.23,0.56,0.63,0.5,0.19,0.38,0.35,0.49,0.63,0.402,-24.62,0.65,0.18,0.145,Decreasing
cvs,0.38,0.38,0.32,0.48,0.38,0.32,0.48,0.4,0.34,0.32,0.27,0.21,0.36,0.47,0.58,0.48,0.34,0.54,0.41,0.41,0.28,0.7,0.45,0.5,0.55,0.414,31.58,0.7,0.21,0.117,Increasing
fossil,0.68,0.68,0.37,0.39,0.68,0.37,0.39,0.42,0.53,0.46,0.44,0.46,0.16,0.23,0.37,0.37,0.49,0.74,0.28,0.42,0.34,0.48,0.24,0.36,0.48,0.4332,-47.06,0.74,0.16,0.139,Decreasing
git,0.0,0.0,0.0,0.0,0.0,0.0,0.0,6.413964997710215e-07,0.000608685,0.001858126,0.003368614,0.008338796,0.03848828,0.056724465,0.091546522,0.1570478571584339,0.2424581392574424,0.3369396920527125,0.4144575902220386,0.4873580749895131,0.8568717296795968,0.9052400811238293,0.9222236190412662,1.0,1.0,0.2609,10.0,1.0,0.0,0.181,Stable
github,0.0,0.0,0.0,0.0,0.0,0.0,0.0,0.0,0.000180944,0.000563996,0.000961333,0.002583219,0.007235128,0.014427137,0.042913701,0.053001877,0.089452374,0.1245571625388078,0.1591339326717754,0.1874998677307463,0.3313469136821432,0.9932711985287428,1.0,0.585998294,0.172,0.1506,3.92,1.0,0.0,0.143,Stable
gitlab,0.0,0.0,0.0,0.0,0.0,0.0,0.0,0.0,0.000962729,0.001375327,0.005638839,0.013478201,0.049924357,0.081144272,0.1290056388392243,0.2116627699078531,0.3537340118278091,0.531838812,0.722321551,0.785036446,0.8861229542016229,0.8335854765506808,0.9367349745564572,1.0,1.0,0.3017,-6.25,1.0,0.0,0.143,Stable
mercurial,0.22,0.22,0.49,0.29,0.22,0.49,0.29,0.24,0.2,0.2,0.58,0.51,0.56,0.28,0.14,0.29,0.41,0.4,0.24,0.4,0.65,0.24,0.26,0.51,0.76,0.3636,131.82,0.76,0.14,0.15,Increasing
monotone,0.31,0.31,0.32,0.35,0.31,0.32,0.35,0.27,0.25,0.27,0.33,0.44,0.3,0.49,0.14,0.18,0.55,0.46,0.25,0.62,0.19,0.28,0.16,0.36,0.56,0.3348,16.13,0.62,0.14,0.13,Stable
perforce,0.64,0.64,0.63,0.45,0.64,0.63,0.45,0.35,0.26,0.3,0.37,0.27,0.42,0.39,0.57,0.41,0.27,0.25,0.33,0.25,0.46,0.38,0.25,0.33,0.41,0.414,-48.44,0.64,0.25,0.122,Decreasing
sourcetree,0.36,0.36,0.54,0.22,0.36,0.54,0.22,0.42,0.19,0.61,0.19,0.69,0.29,0.16,0.35,0.3,0.43,0.3,0.26,0.44,0.19,0.19,0.42,0.62,0.82,0.3788,72.22,0.82,0.16,0.16,Increasing
svn,0.46,0.46,0.27,0.14,0.46,0.27,0.14,0.57,0.51,0.36,0.27,0.2,0.38,0.32,0.17,0.33,0.11,0.15,0.19,0.28,0.46,0.44,0.28,0.17,0.06,0.298,-63.04,0.57,0.06,0.134,Decreasing
alibabacloud,0.51,0.51,0.29,0.73,0.51,0.29,0.73,0.22,0.46,0.31,0.16,0.18,0.25,0.15,0.25,0.57,0.13,0.45,0.17,0.3,0.24,0.24,0.37,0.3,0.23,0.342,-41.18,0.73,0.13,0.158,Decreasing
appwrite,0.27,0.27,0.51,0.28,0.27,0.51,0.28,0.46,0.33,0.17,0.27,0.17,0.19,0.17,0.33,0.19,0.42,0.21,0.58,0.78,0.47,0.3,0.14,0.29,0.44,0.332,7.41,0.78,0.14,0.166,Stable
azureml,0.0,0.0,0.0,0.0,0.0,0.0,0.0,0.0,0.0,0.0,0.0,0.0,0.0,0.0,0.016620499,0.085872576,0.1108033240997229,0.1385041551246537,0.2465373961218836,0.3850415512465374,0.6371191135734072,1.0,0.6842105263157895,0.6869806094182825,0.6898,0.1873,-29.79,1.0,0.0,0.123,Decreasing
bunnyshell,0.41,0.41,0.53,0.21,0.41,0.53,0.21,0.14,0.42,0.45,0.35,0.44,0.4,0.4,0.21,0.4,0.35,0.21,0.58,0.17,0.24,0.27,0.17,0.24,0.31,0.3384,-41.46,0.58,0.14,0.128,Decreasing
cloudflare,0.26,0.26,0.33,0.31,0.26,0.33,0.31,0.37,0.37,0.23,0.49,0.27,0.3,0.22,0.41,0.28,0.2,0.45,0.43,0.45,0.36,0.33,0.18,0.66,1.0,0.3624,153.85,1.0,0.18,0.115,Increasing
deta,0.28,0.28,0.36,0.18,0.28,0.36,0.18,0.55,0.29,0.4,0.41,0.32,0.24,0.24,0.4,0.36,0.41,0.48,0.18,0.17,0.23,0.63,0.41,0.48,0.55,0.3468,71.43,0.63,0.17,0.127,Increasing
digitalocean,0.0,0.0,0.0,0.0,0.0,0.0,0.0,0.0,0.000638162,0.0,0.0,0.000638162,0.00319081,0.061901723,0.1665603063178047,0.2131461391193363,0.2463305679642629,0.2763241863433312,0.3905552010210593,0.5366943203573707,0.9246968730057434,1.0,0.7568602425015954,0.6119974473516273,0.4671,0.2263,-3.08,1.0,0.0,0.18,Stable
fly.io,0.23,0.23,0.31,0.27,0.23,0.31,0.27,0.3,0.5,0.32,0.23,0.56,0.29,0.2,0.29,0.74,0.31,0.11,0.42,0.15,0.19,0.34,0.47,0.25,0.03,0.302,8.7,0.74,0.03,0.15,Stable
gcp,0.0,0.0,0.0,0.0,0.0,0.0,0.0,0.0,0.0,9.584052137243626e-05,0.000191681,0.000670884,0.001629289,0.003162737,0.006037953,0.01293847,0.034119226,0.1287138202031819,0.275924861,0.4631972397929845,0.6776883266244969,0.7063446425148553,0.8219283112900134,1.0,1.0,0.2053,-34.69,1.0,0.0,0.113,Decreasing
glitch,0.38,0.38,0.54,0.59,0.38,0.54,0.59,0.46,0.5,0.17,0.32,0.3,0.4,0.28,0.37,0.31,0.35,0.63,0.36,0.43,0.54,0.15,0.47,0.19,0.0,0.3852,-50.0,0.63,0.0,0.135,Decreasing
heroku,0.51,0.51,0.4,0.29,0.51,0.4,0.29,0.43,0.39,0.37,0.14,0.3,0.4,0.68,0.25,0.22,0.22,0.49,0.57,0.24,0.37,0.33,0.23,0.23,0.23,0.36,-54.9,0.68,0.14,0.136,Decreasing
ibmcloud,0.48,0.48,0.41,0.63,0.48,0.41,0.63,0.37,0.61,0.42,0.51,0.34,0.52,0.59,0.32,0.37,0.29,0.55,0.54,0.61,0.57,0.23,0.47,0.49,0.51,0.4732,2.08,0.63,0.23,0.117,Stable
koyeb,0.35,0.35,0.53,0.41,0.35,0.53,0.41,0.27,0.3,0.19,0.24,0.38,0.15,0.47,0.27,0.22,0.16,0.29,0.29,0.28,0.24,0.27,0.27,0.24,0.21,0.3068,-31.43,0.53,0.15,0.096,Decreasing
netlify,0.0,0.0,0.0,0.0,0.0,0.0,0.0,0.0,0.0,0.0,0.0,3.698224852071006e-05,0.000110947,0.000443787,0.001109467,0.002884615,0.007359467,0.048335799,0.2557692307692307,0.4848002958579882,0.7111316568047338,0.8647559171597633,1.0,0.8321005917159763,0.6642,0.1949,-51.85,1.0,0.0,0.163,Decreasing
oraclecloud,0.6,0.6,0.4,0.48,0.6,0.4,0.48,0.26,0.38,0.37,0.37,0.38,0.28,0.28,0.41,0.65,0.43,0.57,0.41,0.41,0.62,0.54,0.51,0.21,0.0,0.4256,-65.0,0.65,0.0,0.124,Decreasing
railway,0.0,0.0,0.0,0.0,0.0,0.0,0.0,0.0,9.946290033817386e-05,0.000298389,0.00069624,0.002685498,0.006962403,0.012432863,0.017008156,0.023771633,0.042072807,0.069027253,0.09807042,0.1239307738213646,0.1585438631390491,0.2519395265565944,0.5251641137855579,1.0,1.0,0.1333,-27.27,1.0,0.0,0.167,Decreasing
replit,0.39,0.39,0.2,0.28,0.39,0.2,0.28,0.2,0.22,0.56,0.18,0.21,0.25,0.38,0.33,0.39,0.35,0.74,0.16,0.54,0.33,0.21,0.45,0.39,0.33,0.334,0.0,0.74,0.16,0.15,Stable
render,0.36,0.36,0.53,0.37,0.36,0.53,0.37,0.44,0.59,0.18,0.35,0.38,0.17,0.35,0.73,0.26,0.7,0.36,0.41,0.3,0.49,0.16,0.44,0.4,0.36,0.398,11.11,0.73,0.16,0.156,Stable
sagemaker,0.21,0.21,0.4,0.48,0.21,0.4,0.48,0.2,0.51,0.57,0.34,0.28,0.23,0.4,0.32,0.35,0.12,0.29,0.32,0.4,0.54,0.25,0.18,0.36,0.54,0.3436,71.43,0.57,0.12,0.124,Increasing
supabase,0.5,0.5,0.38,0.35,0.5,0.38,0.35,0.49,0.33,0.37,0.49,0.35,0.31,0.55,0.27,0.33,0.18,0.54,0.26,0.34,0.2,0.17,0.21,0.21,0.21,0.3508,-58.0,0.55,0.17,0.121,Decreasing
tailscale,0.62,0.62,0.38,0.14,0.62,0.38,0.14,0.57,0.36,0.34,0.16,0.17,0.38,0.34,0.15,0.18,0.5,0.21,0.7,0.6,0.42,0.45,0.21,0.15,0.09,0.3552,-75.81,0.7,0.09,0.179,Decreasing
upstash,0.21,0.21,0.22,0.38,0.21,0.22,0.38,0.35,0.35,0.52,0.57,0.29,0.4,0.18,0.27,0.37,0.54,0.34,0.55,0.65,0.22,0.47,0.39,0.56,0.73,0.3832,166.67,0.73,0.18,0.139,Increasing
vercel,0.23,0.23,0.14,0.3,0.23,0.14,0.3,0.43,0.43,0.55,0.33,0.24,0.19,0.13,0.38,0.25,0.31,0.29,0.52,0.2,0.75,0.64,0.23,0.47,0.71,0.3448,104.35,0.75,0.13,0.169,Increasing
vertexai,0.0,0.0,0.0,0.0,0.0,0.0,0.0,0.0,0.0,0.0,0.0,0.0,0.005714286,0.0,0.0,0.0,0.005714286,0.0,0.0,0.0,0.0,0.12,0.3657142857142857,1.0,1.0,0.0999,3.7,1.0,0.0,0.134,Stable
wasmer,0.27,0.27,0.21,0.32,0.27,0.21,0.32,0.53,0.11,0.43,0.31,0.36,0.37,0.38,0.34,0.39,0.41,0.58,0.27,0.21,0.33,0.22,0.37,0.76,1.0,0.3696,181.48,1.0,0.11,0.144,Increasing
alienvault,0.35,0.35,0.28,0.32,0.35,0.28,0.32,0.24,0.17,0.33,0.62,0.25,0.33,0.24,0.27,0.61,0.72,0.28,0.28,0.16,0.23,0.27,0.44,0.57,0.7,0.3584,62.86,0.72,0.16,0.159,Increasing
atomicredteam,0.33,0.33,0.73,0.36,0.33,0.73,0.36,0.3,0.26,0.2,0.33,0.26,0.13,0.43,0.32,0.59,0.5,0.47,0.24,0.25,0.53,0.41,0.22,0.13,0.04,0.3512,-60.61,0.73,0.04,0.156,Decreasing
autopsy,0.2,0.2,0.35,0.51,0.2,0.35,0.51,0.61,0.29,0.4,0.41,0.4,0.33,0.48,0.66,0.26,0.4,0.4,0.2,0.18,0.53,0.49,0.41,0.29,0.17,0.3692,45.0,0.66,0.17,0.132,Stable
burpsuite,0.63,0.63,0.41,0.2,0.63,0.41,0.2,0.33,0.44,0.31,0.19,0.39,0.26,0.4,0.47,0.43,0.3,0.66,0.65,0.45,0.48,0.44,0.38,0.6,0.82,0.4444,-4.76,0.82,0.19,0.138,Stable
cortexxsoar,0.23,0.23,0.27,0.29,0.23,0.27,0.29,0.43,0.53,0.24,0.26,0.34,0.26,0.19,0.48,0.56,0.48,0.49,0.65,0.13,0.21,0.4,0.45,0.22,0.0,0.3252,-4.35,0.65,0.0,0.145,Stable
cuckoosandbox,0.34,0.34,0.55,0.2,0.34,0.55,0.2,0.28,0.25,0.25,0.47,0.42,0.5,0.22,0.3,0.25,0.19,0.21,0.32,0.23,0.48,0.15,0.57,0.27,0.0,0.3152,-20.59,0.57,0.0,0.129,Stable
cyberchef,0.25,0.25,0.16,0.29,0.25,0.16,0.29,0.35,0.34,0.45,0.23,0.53,0.47,0.64,0.54,0.4,0.25,0.29,0.57,0.36,0.18,0.43,0.16,0.15,0.14,0.3252,-40.0,0.64,0.14,0.148,Stable
cryptography,0.55,0.55,0.49,0.35,0.55,0.49,0.35,0.63,0.44,0.35,0.48,0.24,0.26,0.63,0.18,0.25,0.31,0.21,0.27,0.4,0.15,0.57,0.34,0.34,0.34,0.3888,-38.18,0.63,0.15,0.147,Decreasing
clamav,0.29,0.29,0.18,0.21,0.29,0.18,0.21,0.3,0.25,0.29,0.29,0.17,0.29,0.64,0.56,0.36,0.55,0.71,0.15,0.34,0.35,0.38,0.27,0.16,0.05,0.3104,-44.83,0.71,0.05,0.16,Decreasing
ethicalhacking,0.37,0.37,0.66,0.38,0.37,0.66,0.38,0.35,0.52,0.29,0.64,0.43,0.2,0.5,0.26,0.4,0.43,0.46,0.58,0.26,0.43,0.21,0.12,0.13,0.14,0.3816,-64.86,0.66,0.12,0.156,Decreasing
firewallconfiguration,0.64,0.64,0.44,0.38,0.64,0.44,0.38,0.31,0.17,0.18,0.61,0.26,0.17,0.62,0.33,0.54,0.48,0.43,0.32,0.34,0.62,0.3,0.7,0.13,0.0,0.4028,-79.69,0.7,0.0,0.177,Decreasing
gdpr,0.3,0.3,0.21,0.22,0.3,0.21,0.22,0.5,0.32,0.51,0.43,0.42,0.5,0.18,0.26,0.62,0.49,0.19,0.31,0.31,0.14,0.14,0.21,0.21,0.21,0.3084,-30.0,0.62,0.14,0.144,Stable
ghidra,0.4,0.4,0.35,0.3,0.4,0.35,0.3,0.41,0.32,0.34,0.19,0.45,0.57,0.24,0.43,0.56,0.54,0.3,0.24,0.49,0.18,0.29,0.3,0.29,0.28,0.3568,-27.5,0.57,0.18,0.118,Decreasing
hipaa,0.24,0.24,0.44,0.14,0.24,0.44,0.14,0.27,0.44,0.39,0.14,0.38,0.47,0.44,0.41,0.53,0.36,0.19,0.47,0.28,0.26,0.18,0.22,0.34,0.46,0.3244,41.67,0.53,0.14,0.12,Increasing
incidentresponse,0.34,0.34,0.26,0.22,0.34,0.26,0.22,0.16,0.2,0.38,0.18,0.25,0.67,0.2,0.44,0.33,0.43,0.47,0.56,0.35,0.28,0.2,0.25,0.18,0.11,0.3048,-47.06,0.67,0.11,0.139,Decreasing
iso27001,0.45,0.45,0.29,0.27,0.45,0.29,0.27,0.36,0.52,0.6,0.23,0.13,0.36,0.34,0.17,0.21,0.41,0.28,0.4,0.36,0.61,0.25,0.53,0.51,0.49,0.3692,13.33,0.61,0.13,0.139,Stable
jwt,0.21,0.21,0.57,0.26,0.21,0.57,0.26,0.48,0.46,0.36,0.5,0.19,0.32,0.23,0.22,0.16,0.54,0.36,0.3,0.2,0.36,0.2,0.31,0.4,0.49,0.3348,90.48,0.57,0.16,0.126,Increasing
kismet,0.31,0.31,0.35,0.15,0.31,0.35,0.15,0.33,0.33,0.25,0.22,0.22,0.39,0.6,0.35,0.54,0.32,0.45,0.32,0.34,0.39,0.26,0.54,0.17,0.0,0.318,-45.16,0.6,0.0,0.12,Decreasing
mitmproxy,0.4,0.4,0.54,0.19,0.4,0.54,0.19,0.43,0.3,0.37,0.39,0.4,0.36,0.34,0.34,0.54,0.25,0.39,0.3,0.47,0.54,0.39,0.36,0.48,0.6,0.3964,20.0,0.6,0.19,0.094,Stable
mitreatt&ck,0.17,0.17,0.41,0.3,0.17,0.41,0.3,0.34,0.43,0.14,0.29,0.57,0.35,0.25,0.4,0.34,0.15,0.4,0.57,0.29,0.5,0.51,0.2,0.4,0.6,0.3464,135.29,0.6,0.14,0.13,Increasing
nist,0.44,0.44,0.44,0.55,0.44,0.44,0.55,0.46,0.47,0.29,0.4,0.22,0.33,0.63,0.18,0.59,0.32,0.23,0.44,0.29,0.38,0.3,0.54,0.22,0.0,0.3836,-50.0,0.63,0.0,0.131,Decreasing
nmap,0.39,0.39,0.51,0.46,0.39,0.51,0.46,0.52,0.49,0.43,0.32,0.37,0.34,0.23,0.17,0.32,0.25,0.44,0.28,0.14,0.43,0.52,0.74,0.32,0.0,0.3768,-17.95,0.74,0.0,0.141,Stable
openvas,0.28,0.28,0.61,0.34,0.28,0.61,0.34,0.15,0.25,0.24,0.27,0.29,0.43,0.35,0.35,0.42,0.35,0.17,0.22,0.24,0.44,0.35,0.45,0.31,0.17,0.3276,10.71,0.61,0.15,0.109,Stable
owasp,0.36,0.36,0.22,0.43,0.36,0.22,0.43,0.3,0.23,0.6,0.15,0.23,0.2,0.53,0.73,0.63,0.16,0.31,0.19,0.54,0.11,0.41,0.59,0.53,0.47,0.3716,47.22,0.73,0.11,0.189,Increasing
pci-dss,0.64,0.64,0.48,0.57,0.64,0.48,0.57,0.3,0.23,0.2,0.3,0.46,0.46,0.2,0.2,0.14,0.16,0.15,0.18,0.22,0.39,0.33,0.19,0.3,0.41,0.3536,-53.12,0.64,0.14,0.148,Decreasing
penetrationtesting,0.0,0.0,0.0,0.0,0.0,0.0,0.0,0.0,0.0,0.0,0.0,0.0,0.0,0.03125,0.0,0.0625,0.15625,0.09375,0.25,0.34375,0.59375,0.46875,0.46875,1.0,1.0,0.1788,147.37,1.0,0.0,0.138,Increasing
radare2,0.35,0.35,0.48,0.59,0.35,0.48,0.59,0.23,0.33,0.28,0.3,0.37,0.15,0.19,0.31,0.45,0.65,0.36,0.29,0.28,0.52,0.48,0.28,0.37,0.46,0.3796,5.71,0.65,0.15,0.13,Stable
saml,0.0,0.0,0.0,0.0,0.0,0.0,0.0,0.0,0.00212766,0.007446809,0.015957447,0.05212766,0.079787234,0.1914893617021276,0.2393617021276596,0.4053191489361702,0.4819148936170213,0.5968085106382979,0.6819148936170213,0.7553191489361702,0.8840425531914894,0.9446808510638298,0.9872340425531916,1.0,1.0,0.333,-32.73,1.0,0.0,0.139,Decreasing
securecoding,0.24,0.24,0.57,0.51,0.24,0.57,0.51,0.25,0.45,0.37,0.25,0.37,0.47,0.51,0.52,0.44,0.35,0.39,0.48,0.13,0.25,0.53,0.19,0.67,1.0,0.42,179.17,1.0,0.13,0.143,Increasing
siem,0.29,0.29,0.72,0.19,0.29,0.72,0.19,0.36,0.46,0.22,0.6,0.33,0.23,0.29,0.3,0.22,0.53,0.27,0.61,0.38,0.25,0.21,0.61,0.18,0.0,0.3496,-37.93,0.72,0.0,0.166,Decreasing
sigmarules,0.52,0.52,0.42,0.28,0.52,0.42,0.28,0.32,0.3,0.51,0.36,0.54,0.44,0.35,0.46,0.42,0.37,0.21,0.2,0.31,0.16,0.66,0.49,0.19,0.0,0.37,-63.46,0.66,0.0,0.133,Decreasing
socanalysis,0.35,0.35,0.45,0.5,0.35,0.45,0.5,0.2,0.19,0.41,0.31,0.2,0.55,0.5,0.2,0.36,0.36,0.63,0.48,0.26,0.19,0.25,0.47,0.32,0.17,0.36,-8.57,0.63,0.17,0.135,Stable
soar,0.27,0.27,0.44,0.33,0.27,0.44,0.33,0.29,0.76,0.49,0.2,0.21,0.36,0.25,0.56,0.54,0.21,0.63,0.31,0.3,0.44,0.21,0.54,0.16,0.0,0.3524,-40.74,0.76,0.0,0.167,Decreasing
ssl,0.2,0.2,0.18,0.31,0.2,0.18,0.31,0.46,0.31,0.49,0.45,0.13,0.43,0.23,0.26,0.22,0.58,0.68,0.36,0.11,0.3,0.33,0.28,0.27,0.26,0.3092,35.0,0.68,0.11,0.148,Stable
threatmodeling,0.48,0.48,0.49,0.57,0.48,0.49,0.57,0.26,0.42,0.27,0.47,0.4,0.19,0.38,0.36,0.27,0.25,0.15,0.25,0.36,0.5,0.29,0.17,0.62,1.0,0.4068,29.17,1.0,0.15,0.135,Increasing
tls,0.68,0.68,0.18,0.31,0.68,0.18,0.31,0.41,0.3,0.71,0.52,0.43,0.47,0.36,0.36,0.5,0.24,0.39,0.44,0.23,0.19,0.57,0.15,0.48,0.81,0.4232,-29.41,0.81,0.15,0.158,Decreasing
vulnerabilityscanning,0.38,0.38,0.46,0.38,0.38,0.46,0.38,0.35,0.24,0.56,0.33,0.35,0.35,0.26,0.38,0.22,0.41,0.49,0.2,0.6,0.16,0.23,0.33,0.54,0.75,0.3828,42.11,0.75,0.16,0.123,Increasing
vpn,0.47,0.47,0.17,0.57,0.47,0.17,0.57,0.15,0.4,0.5,0.68,0.39,0.53,0.5,0.2,0.37,0.47,0.21,0.46,0.36,0.57,0.39,0.35,0.27,0.19,0.3952,-42.55,0.68,0.15,0.145,Decreasing
wireshark,0.28,0.28,0.22,0.6,0.28,0.22,0.6,0.16,0.21,0.33,0.46,0.23,0.47,0.36,0.75,0.43,0.3,0.38,0.23,0.26,0.29,0.53,0.34,0.23,0.12,0.3424,-17.86,0.75,0.12,0.149,Stable
yara,0.22,0.22,0.29,0.22,0.22,0.29,0.22,0.2,0.44,0.19,0.27,0.28,0.33,0.45,0.22,0.36,0.22,0.34,0.28,0.22,0.29,0.24,0.18,0.39,0.6,0.2872,77.27,0.6,0.18,0.081,Increasing
zeek,0.19,0.19,0.27,0.3,0.19,0.27,0.3,0.19,0.63,0.15,0.23,0.3,0.35,0.48,0.57,0.48,0.25,0.27,0.2,0.48,0.12,0.16,0.29,0.41,0.53,0.312,115.79,0.63,0.12,0.146,Increasing
adalo,0.43,0.43,0.5,0.45,0.43,0.5,0.45,0.76,0.28,0.18,0.29,0.21,0.28,0.28,0.44,0.56,0.32,0.15,0.23,0.72,0.38,0.15,0.33,0.4,0.47,0.3848,-6.98,0.76,0.15,0.171,Stable
appgyver,0.56,0.56,0.31,0.64,0.56,0.31,0.64,0.45,0.27,0.26,0.31,0.21,0.35,0.34,0.28,0.43,0.4,0.49,0.74,0.56,0.3,0.35,0.26,0.28,0.3,0.4064,-50.0,0.74,0.21,0.143,Decreasing
capacitor,0.31,0.31,0.19,0.22,0.31,0.19,0.22,0.31,0.22,0.3,0.24,0.37,0.57,0.34,0.17,0.2,0.24,0.34,0.3,0.31,0.19,0.39,0.16,0.19,0.22,0.2724,-38.71,0.57,0.16,0.098,Decreasing
coronasdk,0.47,0.47,0.26,0.46,0.47,0.26,0.46,0.31,0.27,0.27,0.52,0.23,0.33,0.27,0.28,0.28,0.85,0.67,0.75,0.31,0.4,0.56,0.31,0.38,0.45,0.4116,-19.15,0.85,0.23,0.178,Stable
cordova,0.34,0.34,0.38,0.31,0.34,0.38,0.31,0.28,0.3,0.54,0.23,0.42,0.57,0.3,0.17,0.27,0.62,0.44,0.27,0.37,0.5,0.31,0.26,0.38,0.5,0.3652,11.76,0.62,0.17,0.12,Stable
flutter,0.44,0.44,0.38,0.57,0.44,0.38,0.57,0.48,0.51,0.44,0.37,0.54,0.58,0.51,0.26,0.45,0.33,0.5,0.16,0.23,0.25,0.21,0.28,0.5,0.72,0.4216,13.64,0.72,0.16,0.13,Stable
ionic,0.3,0.3,0.38,0.23,0.3,0.38,0.23,0.27,0.4,0.6,0.48,0.3,0.22,0.34,0.22,0.26,0.21,0.29,0.31,0.41,0.46,0.17,0.26,0.45,0.64,0.3364,50.0,0.64,0.17,0.11,Increasing
jetpackcompose,0.14,0.14,0.5,0.58,0.14,0.5,0.58,0.32,0.49,0.26,0.3,0.34,0.31,0.24,0.16,0.13,0.2,0.44,0.33,0.16,0.45,0.31,0.26,0.18,0.1,0.3024,28.57,0.58,0.1,0.131,Stable
kivy,0.25,0.25,0.55,0.45,0.25,0.55,0.45,0.46,0.28,0.43,0.35,0.17,0.25,0.18,0.25,0.59,0.62,0.5,0.55,0.7,0.13,0.66,0.47,0.27,0.07,0.3872,8.0,0.7,0.07,0.175,Stable
kodular,0.27,0.27,0.44,0.29,0.27,0.44,0.29,0.3,0.38,0.61,0.55,0.2,0.5,0.19,0.59,0.2,0.43,0.18,0.61,0.3,0.18,0.29,0.72,0.32,0.0,0.3528,18.52,0.72,0.0,0.169,Stable
mosync,0.34,0.34,0.33,0.16,0.34,0.33,0.16,0.17,0.37,0.6,0.16,0.18,0.33,0.18,0.23,0.3,0.16,0.22,0.23,0.43,0.22,0.18,0.44,0.48,0.52,0.296,41.18,0.6,0.16,0.127,Increasing
nativescript,0.42,0.42,0.3,0.41,0.42,0.3,0.41,0.6,0.13,0.12,0.24,0.36,0.35,0.62,0.25,0.43,0.47,0.39,0.22,0.21,0.23,0.38,0.42,0.32,0.22,0.3456,-23.81,0.62,0.12,0.136,Stable
reactnative,0.0,0.0,0.0,0.0,0.0,0.0,0.0,0.0,0.0,0.0,0.0,0.0,8.562376915831835e-05,8.562376915831835e-05,8.562376915831835e-05,0.028769586,0.1280931586608442,0.3281102834146759,0.443531124,0.5084339412620944,0.8355167394468704,0.7903930131004366,0.8070040243171505,1.0,1.0,0.2348,17.65,1.0,0.0,0.146,Stable
sencha,0.2,0.2,0.37,0.14,0.2,0.37,0.14,0.45,0.14,0.15,0.13,0.23,0.66,0.34,0.41,0.31,0.24,0.64,0.33,0.23,0.51,0.44,0.62,0.46,0.3,0.3284,130.0,0.66,0.13,0.171,Increasing
swiftui,0.32,0.32,0.42,0.59,0.32,0.42,0.59,0.44,0.32,0.37,0.48,0.5,0.66,0.6,0.29,0.81,0.45,0.23,0.2,0.16,0.33,0.29,0.23,0.28,0.33,0.398,-12.5,0.81,0.16,0.169,Stable
thunkable,0.59,0.59,0.28,0.3,0.59,0.28,0.3,0.48,0.47,0.44,0.73,0.55,0.3,0.4,0.34,0.28,0.3,0.21,0.39,0.45,0.39,0.15,0.23,0.48,0.73,0.41,-18.64,0.73,0.15,0.141,Decreasing
xamarin,0.4,0.4,0.28,0.56,0.4,0.28,0.56,0.21,0.23,0.28,0.15,0.31,0.59,0.17,0.34,0.59,0.59,0.44,0.3,0.78,0.45,0.44,0.53,0.46,0.39,0.4052,15.0,0.78,0.15,0.168,Stable
amethyst,0.2,0.2,0.21,0.43,0.2,0.21,0.43,0.18,0.18,0.5,0.22,0.36,0.44,0.2,0.29,0.27,0.49,0.58,0.28,0.37,0.35,0.33,0.51,0.36,0.21,0.32,80.0,0.58,0.18,0.123,Increasing
arkit,0.17,0.17,0.36,0.59,0.17,0.36,0.59,0.6,0.26,0.3,0.53,0.33,0.45,0.3,0.56,0.53,0.37,0.22,0.63,0.15,0.24,0.36,0.6,0.26,0.0,0.364,52.94,0.63,0.0,0.157,Stable
arcore,0.3,0.3,0.28,0.12,0.3,0.28,0.12,0.39,0.33,0.23,0.26,0.35,0.68,0.28,0.25,0.19,0.16,0.42,0.34,0.32,0.21,0.56,0.37,0.45,0.53,0.3208,50.0,0.68,0.12,0.133,Increasing
augmentedreality,0.32,0.32,0.3,0.37,0.32,0.3,0.37,0.11,0.22,0.34,0.28,0.14,0.2,0.37,0.5,0.22,0.3,0.11,0.7,0.43,0.27,0.34,0.22,0.2,0.18,0.2972,-37.5,0.7,0.11,0.139,Decreasing
babylon.js,0.52,0.52,0.54,0.69,0.52,0.54,0.69,0.39,0.19,0.16,0.43,0.31,0.31,0.48,0.21,0.52,0.22,0.5,0.34,0.26,0.51,0.31,0.28,0.57,0.86,0.4348,9.62,0.86,0.16,0.149,Stable
bevy,0.2,0.2,0.18,0.23,0.2,0.18,0.23,0.2,0.19,0.44,0.32,0.12,0.58,0.26,0.42,0.28,0.29,0.61,0.3,0.55,0.25,0.41,0.18,0.43,0.68,0.3172,115.0,0.68,0.12,0.144,Increasing
blender,0.42,0.42,0.25,0.37,0.42,0.25,0.37,0.26,0.71,0.63,0.24,0.49,0.3,0.75,0.14,0.73,0.47,0.17,0.19,0.7,0.15,0.31,0.52,0.65,0.78,0.4276,54.76,0.78,0.14,0.213,Increasing
cocos2d,0.2,0.2,0.39,0.18,0.2,0.39,0.18,0.36,0.17,0.53,0.29,0.48,0.41,0.41,0.26,0.38,0.35,0.47,0.24,0.35,0.4,0.44,0.32,0.32,0.32,0.3296,60.0,0.53,0.17,0.101,Increasing
construct,0.57,0.57,0.38,0.67,0.57,0.38,0.67,0.27,0.41,0.46,0.18,0.3,0.27,0.42,0.39,0.41,0.26,0.42,0.28,0.28,0.15,0.36,0.42,0.31,0.2,0.384,-45.61,0.67,0.15,0.123,Decreasing
cryengine,0.52,0.52,0.6,0.3,0.52,0.6,0.3,0.6,0.7,0.48,0.14,0.58,0.29,0.33,0.29,0.28,0.27,0.4,0.54,0.33,0.28,0.31,0.49,0.39,0.29,0.414,-25.0,0.7,0.14,0.148,Decreasing
gamephysics,0.5,0.5,0.15,0.38,0.5,0.15,0.38,0.18,0.5,0.32,0.36,0.64,0.43,0.49,0.7,0.19,0.21,0.33,0.18,0.41,0.23,0.46,0.41,0.58,0.75,0.3972,16.0,0.75,0.15,0.16,Stable
gamemaker,0.51,0.51,0.57,0.33,0.51,0.57,0.33,0.44,0.19,0.46,0.27,0.28,0.48,0.34,0.37,0.31,0.24,0.25,0.57,0.28,0.34,0.43,0.21,0.39,0.57,0.39,-23.53,0.57,0.19,0.115,Decreasing
gdevelop,0.29,0.29,0.2,0.48,0.29,0.2,0.48,0.34,0.62,0.27,0.16,0.45,0.27,0.24,0.33,0.14,0.38,0.15,0.17,0.37,0.21,0.35,0.28,0.39,0.5,0.314,34.48,0.62,0.14,0.124,Stable
godot,0.6,0.6,0.3,0.25,0.6,0.3,0.25,0.2,0.18,0.3,0.23,0.56,0.48,0.38,0.37,0.47,0.46,0.46,0.46,0.11,0.31,0.24,0.14,0.25,0.36,0.3544,-58.33,0.6,0.11,0.141,Decreasing
libgdx,0.32,0.32,0.17,0.33,0.32,0.17,0.33,0.5,0.26,0.44,0.21,0.26,0.32,0.41,0.35,0.25,0.26,0.4,0.23,0.26,0.35,0.45,0.16,0.37,0.58,0.3208,15.62,0.58,0.16,0.095,Stable
lve,0.42,0.42,0.12,0.34,0.42,0.12,0.34,0.38,0.3,0.31,0.49,0.17,0.46,0.29,0.26,0.38,0.45,0.37,0.44,0.37,0.13,0.2,0.31,0.42,0.53,0.3376,0.0,0.53,0.12,0.11,Stable
metaverse,0.61,0.61,0.56,0.15,0.61,0.56,0.15,0.17,0.2,0.35,0.18,0.36,0.35,0.25,0.27,0.43,0.32,0.48,0.33,0.24,0.17,0.16,0.39,0.49,0.59,0.3592,-19.67,0.61,0.15,0.138,Decreasing
monogame,0.16,0.16,0.24,0.14,0.16,0.24,0.14,0.44,0.36,0.28,0.46,0.38,0.4,0.32,0.44,0.25,0.56,0.17,0.32,0.33,0.47,0.31,0.59,0.41,0.23,0.3184,156.25,0.59,0.14,0.125,Increasing
phaser,0.53,0.53,0.46,0.4,0.53,0.46,0.4,0.26,0.23,0.52,0.28,0.37,0.34,0.36,0.38,0.39,0.42,0.67,0.21,0.38,0.35,0.56,0.38,0.44,0.5,0.414,-16.98,0.67,0.21,0.113,Stable
pico-8,0.43,0.43,0.27,0.14,0.43,0.27,0.14,0.58,0.7,0.37,0.32,0.27,0.17,0.41,0.18,0.3,0.37,0.62,0.49,0.19,0.42,0.53,0.43,0.49,0.55,0.38,13.95,0.7,0.14,0.157,Stable
scenekit,0.46,0.46,0.61,0.31,0.46,0.61,0.31,0.47,0.29,0.53,0.39,0.29,0.3,0.45,0.37,0.29,0.4,0.18,0.23,0.24,0.3,0.51,0.17,0.16,0.15,0.3576,-65.22,0.61,0.15,0.127,Decreasing
spritekit,0.23,0.23,0.29,0.21,0.23,0.29,0.21,0.37,0.46,0.2,0.26,0.15,0.36,0.37,0.26,0.37,0.47,0.34,0.19,0.65,0.73,0.28,0.5,0.44,0.38,0.3388,91.3,0.73,0.15,0.152,Increasing
tic-80,0.23,0.23,0.32,0.36,0.23,0.32,0.36,0.34,0.62,0.26,0.59,0.35,0.33,0.28,0.35,0.28,0.27,0.74,0.61,0.23,0.23,0.29,0.3,0.33,0.36,0.3524,43.48,0.74,0.23,0.149,Stable
unity,0.34,0.34,0.25,0.47,0.34,0.25,0.47,0.59,0.42,0.37,0.28,0.58,0.7,0.4,0.31,0.63,0.63,0.5,0.55,0.21,0.75,0.49,0.39,0.3,0.21,0.4308,-11.76,0.75,0.21,0.156,Stable
unrealengine,0.34,0.34,0.21,0.47,0.34,0.21,0.47,0.3,0.69,0.47,0.33,0.43,0.48,0.27,0.16,0.18,0.22,0.53,0.5,0.52,0.18,0.25,0.53,0.5,0.47,0.3756,47.06,0.69,0.16,0.152,Increasing
virtualreality,0.28,0.28,0.49,0.39,0.28,0.49,0.39,0.13,0.49,0.31,0.19,0.16,0.41,0.2,0.41,0.33,0.41,0.37,0.16,0.43,0.45,0.28,0.37,0.54,0.71,0.358,92.86,0.71,0.13,0.122,Increasing
webxr,0.57,0.57,0.35,0.38,0.57,0.35,0.38,0.37,0.39,0.64,0.42,0.24,0.35,0.26,0.54,0.19,0.42,0.35,0.27,0.48,0.45,0.14,0.31,0.35,0.39,0.3892,-38.6,0.64,0.14,0.125,Decreasing
alchemy,0.11,0.11,0.12,0.5,0.11,0.12,0.5,0.42,0.31,0.21,0.15,0.26,0.16,0.31,0.59,0.72,0.47,0.36,0.16,0.49,0.39,0.44,0.45,0.37,0.29,0.3248,236.36,0.72,0.11,0.167,Increasing
chainlink,0.0,0.0,0.0,0.0,0.0,0.0,0.0,0.0,0.0,0.0,0.0,0.000473934,0.000473934,0.001895735,0.001895735,0.003791469,0.000947867,0.004739336,0.022274882,0.060663507,0.1412322274881516,0.5341232227488152,1.0,0.6545023696682465,0.309,0.1094,-38.71,1.0,0.0,0.131,Decreasing
ethers.js,0.18,0.18,0.32,0.26,0.18,0.32,0.26,0.29,0.32,0.59,0.28,0.66,0.46,0.3,0.26,0.57,0.71,0.37,0.39,0.61,0.17,0.29,0.21,0.28,0.35,0.3524,55.56,0.71,0.17,0.165,Stable
ethereum,0.59,0.59,0.21,0.14,0.59,0.21,0.14,0.34,0.22,0.65,0.27,0.2,0.26,0.38,0.22,0.12,0.23,0.49,0.5,0.43,0.4,0.54,0.35,0.41,0.47,0.358,-30.51,0.65,0.12,0.152,Decreasing
flow,0.4,0.4,0.17,0.54,0.4,0.17,0.54,0.14,0.55,0.31,0.39,0.41,0.26,0.34,0.24,0.41,0.44,0.22,0.3,0.5,0.21,0.53,0.36,0.2,0.04,0.3388,-50.0,0.55,0.04,0.128,Decreasing
foundry,0.3,0.3,0.22,0.69,0.3,0.22,0.69,0.53,0.22,0.17,0.5,0.45,0.21,0.31,0.31,0.32,0.4,0.41,0.22,0.52,0.26,0.22,0.48,0.36,0.24,0.354,20.0,0.69,0.17,0.139,Stable
hardhat,0.21,0.21,0.41,0.27,0.21,0.41,0.27,0.34,0.35,0.35,0.11,0.14,0.22,0.18,0.31,0.52,0.47,0.33,0.34,0.14,0.32,0.33,0.33,0.44,0.55,0.3104,109.52,0.55,0.11,0.112,Increasing
hyperledger,0.39,0.39,0.5,0.29,0.39,0.5,0.29,0.66,0.45,0.19,0.36,0.23,0.82,0.16,0.56,0.34,0.33,0.51,0.22,0.35,0.41,0.12,0.27,0.44,0.61,0.3912,12.82,0.82,0.12,0.173,Stable
infura,0.19,0.19,0.31,0.14,0.19,0.31,0.14,0.52,0.21,0.33,0.44,0.55,0.48,0.19,0.23,0.3,0.18,0.19,0.54,0.31,0.22,0.14,0.33,0.26,0.19,0.2832,36.84,0.55,0.14,0.135,Stable
ipfs,0.4,0.4,0.83,0.29,0.4,0.83,0.29,0.33,0.36,0.36,0.2,0.13,0.41,0.28,0.52,0.43,0.47,0.52,0.38,0.18,0.14,0.34,0.21,0.58,0.95,0.4092,45.0,0.95,0.13,0.168,Increasing
moralis,0.62,0.62,0.29,0.33,0.62,0.29,0.33,0.22,0.27,0.24,0.34,0.19,0.41,0.23,0.39,0.46,0.34,0.46,0.36,0.44,0.43,0.34,0.14,0.32,0.5,0.3672,-48.39,0.62,0.14,0.112,Decreasing
nearprotocol,0.59,0.59,0.33,0.22,0.59,0.33,0.22,0.41,0.42,0.41,0.25,0.65,0.65,0.32,0.56,0.34,0.37,0.31,0.59,0.33,0.59,0.41,0.37,0.16,0.0,0.4004,-72.88,0.65,0.0,0.145,Decreasing
nftdevelopment,0.23,0.23,0.2,0.22,0.23,0.2,0.22,0.51,0.18,0.42,0.51,0.38,0.54,0.2,0.34,0.48,0.14,0.47,0.39,0.34,0.55,0.41,0.3,0.32,0.34,0.334,39.13,0.55,0.14,0.13,Stable
openzeppelin,0.59,0.59,0.33,0.35,0.59,0.33,0.35,0.2,0.69,0.39,0.26,0.23,0.15,0.28,0.27,0.32,0.69,0.2,0.19,0.35,0.4,0.16,0.35,0.56,0.77,0.3836,-5.08,0.77,0.15,0.165,Stable
smartcontracts,0.14,0.14,0.52,0.32,0.14,0.52,0.32,0.19,0.38,0.42,0.38,0.27,0.23,0.17,0.13,0.41,0.21,0.31,0.23,0.38,0.49,0.41,0.41,0.31,0.21,0.3056,121.43,0.52,0.13,0.115,Increasing
solidity,0.3,0.3,0.66,0.23,0.3,0.66,0.23,0.55,0.63,0.33,0.34,0.43,0.42,0.22,0.22,0.71,0.24,0.72,0.37,0.34,0.46,0.27,0.4,0.21,0.02,0.3824,-30.0,0.72,0.02,0.169,Stable
tezos,0.24,0.24,0.46,0.54,0.24,0.46,0.54,0.42,0.5,0.33,0.38,0.54,0.38,0.42,0.21,0.34,0.37,0.33,0.24,0.25,0.47,0.33,0.52,0.4,0.28,0.3772,66.67,0.54,0.21,0.102,Increasing
thegraph,0.14,0.14,0.15,0.11,0.14,0.15,0.11,0.38,0.25,0.3,0.41,0.53,0.36,0.45,0.25,0.49,0.42,0.31,0.41,0.18,0.51,0.49,0.32,0.23,0.14,0.2948,64.29,0.53,0.11,0.131,Stable
truffle,0.48,0.48,0.19,0.51,0.48,0.19,0.51,0.31,0.47,0.36,0.35,0.18,0.2,0.24,0.32,0.45,0.5,0.42,0.5,0.43,0.22,0.3,0.57,0.53,0.49,0.3872,10.42,0.57,0.18,0.126,Stable
wagmi,0.52,0.52,0.15,0.23,0.52,0.15,0.23,0.52,0.58,0.22,0.39,0.33,0.31,0.26,0.45,0.29,0.2,0.3,0.27,0.27,0.35,0.35,0.46,0.62,0.78,0.3708,19.23,0.78,0.15,0.132,Stable
web3.js,0.0,0.0,0.0,0.0,0.0,0.0,0.0,0.0,0.0,0.0,0.0,0.0,0.000870322,0.0,0.005221932,0.002610966,0.019147084,0.069625762,0.2697998259355961,0.1531766753698868,0.1775456919060052,0.4429939077458659,1.0,0.6135770234986945,0.2272,0.1193,15.69,1.0,0.0,0.161,Stable
abtesting,0.36,0.36,0.26,0.4,0.36,0.26,0.4,0.24,0.38,0.37,0.4,0.23,0.28,0.58,0.34,0.27,0.29,0.38,0.17,0.12,0.33,0.21,0.43,0.11,0.0,0.3012,-69.44,0.58,0.0,0.113,Decreasing
accessibilityguidelines(wcag),0.39,0.39,0.21,0.35,0.39,0.21,0.35,0.21,0.23,0.27,0.5,0.33,0.18,0.33,0.18,0.25,0.44,0.38,0.44,0.32,0.38,0.45,0.26,0.11,0.0,0.302,-71.79,0.5,0.0,0.107,Decreasing
accessibilitytesting,0.65,0.65,0.44,0.29,0.65,0.44,0.29,0.23,0.44,0.23,0.18,0.42,0.49,0.22,0.35,0.31,0.27,0.23,0.28,0.55,0.28,0.56,0.44,0.48,0.52,0.3956,-26.15,0.65,0.18,0.135,Decreasing
adobexd,0.31,0.31,0.2,0.27,0.31,0.2,0.27,0.3,0.42,0.17,0.4,0.21,0.18,0.54,0.32,0.19,0.58,0.44,0.47,0.3,0.58,0.18,0.28,0.41,0.54,0.3352,32.26,0.58,0.17,0.136,Stable
atomicdesign,0.4,0.4,0.41,0.32,0.4,0.41,0.32,0.82,0.28,0.32,0.23,0.22,0.48,0.17,0.34,0.44,0.26,0.26,0.19,0.44,0.26,0.31,0.42,0.59,0.76,0.378,47.5,0.82,0.17,0.153,Increasing
balsamiq,0.27,0.27,0.48,0.49,0.27,0.48,0.49,0.38,0.2,0.3,0.47,0.31,0.32,0.31,0.55,0.32,0.3,0.34,0.38,0.16,0.37,0.34,0.52,0.12,0.0,0.3376,-55.56,0.55,0.0,0.115,Decreasing
crazyegg,0.53,0.53,0.3,0.41,0.53,0.3,0.41,0.43,0.39,0.58,0.21,0.56,0.32,0.56,0.18,0.69,0.51,0.25,0.39,0.26,0.13,0.39,0.44,0.2,0.0,0.38,-62.26,0.69,0.0,0.154,Decreasing
designsystems,0.0,0.0,0.0,0.0,0.0,0.0,0.0,0.0,0.0,0.0,0.0,0.0,0.0,0.0,0.0,0.0,0.090909091,0.1515151515151515,0.3333333333333333,0.4545454545454545,0.6363636363636364,0.7575757575757576,0.7878787878787878,1.0,1.0,0.2085,-32.69,1.0,0.0,0.133,Decreasing
designtokens,0.4,0.4,0.43,0.6,0.4,0.43,0.6,0.43,0.28,0.26,0.35,0.2,0.28,0.32,0.17,0.59,0.45,0.39,0.3,0.27,0.8,0.29,0.46,0.23,0.0,0.3732,-42.5,0.8,0.0,0.154,Decreasing
eyetracking,0.36,0.36,0.26,0.17,0.36,0.26,0.17,0.31,0.45,0.15,0.55,0.55,0.58,0.31,0.25,0.76,0.34,0.35,0.36,0.33,0.47,0.32,0.41,0.42,0.43,0.3712,16.67,0.76,0.15,0.146,Stable
figma,0.37,0.37,0.33,0.54,0.37,0.33,0.54,0.28,0.21,0.39,0.6,0.31,0.24,0.71,0.18,0.41,0.35,0.28,0.3,0.46,0.28,0.33,0.63,0.15,0.0,0.3584,-59.46,0.71,0.0,0.152,Decreasing
framer,0.39,0.39,0.27,0.43,0.39,0.27,0.43,0.55,0.18,0.27,0.31,0.34,0.44,0.44,0.37,0.31,0.52,0.25,0.43,0.35,0.23,0.15,0.44,0.31,0.18,0.3456,-20.51,0.55,0.15,0.107,Stable
fullstory,0.16,0.16,0.47,0.17,0.16,0.47,0.17,0.48,0.15,0.41,0.3,0.37,0.26,0.5,0.5,0.34,0.56,0.12,0.48,0.19,0.39,0.58,0.48,0.55,0.62,0.3616,243.75,0.62,0.12,0.152,Increasing
heuristicevaluation,0.4,0.4,0.44,0.51,0.4,0.44,0.51,0.27,0.41,0.32,0.39,0.23,0.39,0.38,0.37,0.49,0.23,0.42,0.23,0.22,0.51,0.37,0.37,0.23,0.09,0.3608,-42.5,0.51,0.09,0.096,Decreasing
heatmaps,0.61,0.61,0.38,0.44,0.61,0.38,0.44,0.41,0.42,0.45,0.34,0.2,0.38,0.45,0.16,0.39,0.16,0.25,0.45,0.22,0.15,0.2,0.26,0.3,0.34,0.36,-50.82,0.61,0.15,0.127,Decreasing
invision,0.25,0.25,0.18,0.41,0.25,0.18,0.41,0.6,0.29,0.5,0.34,0.13,0.42,0.31,0.28,0.18,0.18,0.51,0.25,0.51,0.3,0.13,0.34,0.41,0.48,0.3236,64.0,0.6,0.13,0.136,Increasing
lookback,0.39,0.39,0.25,0.23,0.39,0.25,0.23,0.66,0.51,0.25,0.47,0.12,0.2,0.37,0.25,0.2,0.54,0.44,0.43,0.37,0.24,0.48,0.18,0.4,0.62,0.3544,2.56,0.66,0.12,0.144,Stable
marvelapp,0.33,0.33,0.23,0.34,0.33,0.23,0.34,0.4,0.31,0.36,0.49,0.44,0.53,0.18,0.13,0.64,0.33,0.29,0.43,0.28,0.53,0.45,0.47,0.35,0.23,0.3588,6.06,0.64,0.13,0.126,Stable
maze,0.29,0.29,0.14,0.24,0.29,0.14,0.24,0.52,0.31,0.25,0.19,0.29,0.48,0.14,0.61,0.15,0.27,0.22,0.52,0.22,0.19,0.4,0.54,0.24,0.0,0.2868,-17.24,0.61,0.0,0.147,Stable
optimalworkshop,0.5,0.5,0.19,0.37,0.5,0.19,0.37,0.45,0.29,0.61,0.52,0.1,0.41,0.76,0.59,0.25,0.26,0.28,0.2,0.34,0.27,0.34,0.71,0.24,0.0,0.3696,-52.0,0.76,0.0,0.181,Decreasing
prototyping,0.27,0.27,0.19,0.19,0.27,0.19,0.19,0.36,0.15,0.4,0.13,0.66,0.26,0.67,0.21,0.6,0.64,0.63,0.3,0.28,0.21,0.26,0.45,0.13,0.0,0.3164,-51.85,0.67,0.0,0.191,Decreasing
sessionreplay,0.48,0.48,0.31,0.63,0.48,0.31,0.63,0.26,0.26,0.25,0.24,0.44,0.26,0.54,0.43,0.36,0.55,0.47,0.24,0.31,0.31,0.2,0.41,0.14,0.0,0.3596,-70.83,0.63,0.0,0.132,Decreasing
sketch,0.38,0.38,0.46,0.35,0.38,0.46,0.35,0.42,0.15,0.33,0.38,0.28,0.52,0.41,0.32,0.6,0.36,0.3,0.51,0.41,0.14,0.31,0.42,0.23,0.04,0.3556,-39.47,0.6,0.04,0.115,Decreasing
userresearch,0.18,0.18,0.27,0.29,0.18,0.27,0.29,0.34,0.27,0.28,0.21,0.62,0.21,0.74,0.31,0.42,0.47,0.22,0.47,0.46,0.37,0.18,0.49,0.58,0.67,0.3588,222.22,0.74,0.18,0.158,Increasing
usertesting,0.26,0.26,0.31,0.42,0.26,0.31,0.42,0.43,0.46,0.58,0.37,0.43,0.29,0.33,0.75,0.27,0.42,0.37,0.53,0.39,0.29,0.28,0.52,0.47,0.42,0.3936,80.77,0.75,0.26,0.123,Increasing
uxcam,0.36,0.36,0.31,0.62,0.36,0.31,0.62,0.26,0.14,0.18,0.48,0.32,0.62,0.65,0.4,0.34,0.28,0.31,0.26,0.48,0.25,0.6,0.23,0.14,0.05,0.3572,-61.11,0.65,0.05,0.162,Decreasing
uxpin,0.27,0.27,0.33,0.25,0.27,0.33,0.25,0.43,0.26,0.39,0.52,0.15,0.29,0.51,0.22,0.18,0.42,0.5,0.22,0.16,0.24,0.23,0.29,0.13,0.0,0.2844,-51.85,0.52,0.0,0.122,Decreasing
wireframing,0.33,0.33,0.35,0.47,0.33,0.35,0.47,0.24,0.26,0.43,0.33,0.31,0.41,0.49,0.3,0.39,0.31,0.18,0.37,0.38,0.26,0.25,0.19,0.2,0.21,0.3256,-39.39,0.49,0.18,0.09,Decreasing
zeplin,0.34,0.34,0.54,0.36,0.34,0.54,0.36,0.21,0.44,0.51,0.36,0.32,0.3,0.38,0.28,0.4,0.56,0.37,0.46,0.5,0.25,0.34,0.23,0.27,0.31,0.3724,-20.59,0.56,0.21,0.103,Stable
aircrack-ng,0.0,0.0,0.0,0.0,0.0,0.0,0.0,0.0,0.0,0.0,0.015625,0.046875,0.09375,0.140625,0.15625,0.453125,0.484375,0.484375,0.828125,0.671875,0.78125,0.859375,0.734375,1.0,1.0,0.31,3.7,1.0,0.0,0.163,Stable
bgp,0.21,0.21,0.55,0.12,0.21,0.55,0.12,0.4,0.49,0.5,0.22,0.36,0.64,0.19,0.26,0.19,0.42,0.32,0.23,0.14,0.3,0.42,0.5,0.43,0.36,0.3336,104.76,0.64,0.12,0.148,Increasing
cacti,0.42,0.42,0.34,0.4,0.42,0.34,0.4,0.2,0.24,0.33,0.36,0.48,0.53,0.52,0.45,0.14,0.33,0.17,0.34,0.28,0.15,0.28,0.55,0.33,0.11,0.3412,-21.43,0.55,0.11,0.125,Stable
cisco,0.11,0.11,0.32,0.46,0.11,0.32,0.46,0.35,0.5,0.18,0.26,0.3,0.38,0.52,0.36,0.47,0.38,0.32,0.39,0.45,0.19,0.65,0.17,0.31,0.45,0.3408,181.82,0.65,0.11,0.134,Increasing
ciscopackettracer,0.3,0.3,0.74,0.54,0.3,0.74,0.54,0.39,0.47,0.27,0.41,0.16,0.37,0.63,0.12,0.55,0.47,0.3,0.32,0.52,0.17,0.75,0.25,0.39,0.53,0.4212,30.0,0.75,0.12,0.18,Stable
dhcp,0.43,0.43,0.5,0.47,0.43,0.5,0.47,0.44,0.34,0.36,0.72,0.21,0.47,0.5,0.19,0.21,0.37,0.26,0.44,0.24,0.2,0.38,0.44,0.36,0.28,0.3856,-16.28,0.72,0.19,0.133,Stable
dns,0.52,0.52,0.14,0.31,0.52,0.14,0.31,0.52,0.3,0.42,0.26,0.68,0.49,0.41,0.22,0.11,0.52,0.34,0.45,0.26,0.47,0.38,0.27,0.4,0.53,0.3796,-23.08,0.68,0.11,0.143,Decreasing
ettercap,0.31,0.31,0.4,0.22,0.31,0.4,0.22,0.38,0.18,0.35,0.43,0.14,0.35,0.48,0.3,0.43,0.46,0.38,0.62,0.46,0.26,0.5,0.2,0.15,0.1,0.3336,-51.61,0.62,0.1,0.129,Decreasing
ethtool,0.64,0.64,0.2,0.13,0.64,0.2,0.13,0.25,0.35,0.44,0.39,0.35,0.49,0.35,0.21,0.37,0.42,0.51,0.34,0.25,0.37,0.59,0.3,0.33,0.36,0.37,-48.44,0.64,0.13,0.128,Decreasing
firewalld,0.2,0.2,0.35,0.48,0.2,0.35,0.48,0.2,0.5,0.39,0.24,0.3,0.39,0.28,0.2,0.52,0.35,0.41,0.49,0.4,0.31,0.19,0.19,0.17,0.15,0.3176,-15.0,0.52,0.15,0.117,Stable
firewalls,0.36,0.36,0.21,0.4,0.36,0.21,0.4,0.36,0.2,0.59,0.63,0.43,0.18,0.34,0.45,0.29,0.39,0.46,0.26,0.24,0.12,0.31,0.2,0.55,0.9,0.368,52.78,0.9,0.12,0.142,Increasing
icmp,0.32,0.32,0.38,0.34,0.32,0.38,0.34,0.45,0.5,0.34,0.41,0.33,0.27,0.24,0.48,0.36,0.45,0.43,0.42,0.22,0.19,0.43,0.28,0.21,0.14,0.342,-34.38,0.5,0.14,0.094,Decreasing
iperf,0.18,0.18,0.62,0.22,0.18,0.62,0.22,0.29,0.54,0.56,0.28,0.3,0.42,0.39,0.31,0.21,0.22,0.19,0.32,0.24,0.28,0.21,0.33,0.3,0.27,0.3152,66.67,0.62,0.18,0.126,Increasing
iproute2,0.41,0.41,0.42,0.15,0.41,0.42,0.15,0.26,0.23,0.22,0.33,0.51,0.41,0.47,0.29,0.59,0.28,0.36,0.45,0.18,0.18,0.39,0.37,0.49,0.61,0.3596,19.51,0.61,0.15,0.123,Stable
ipsec,0.34,0.34,0.29,0.64,0.34,0.29,0.64,0.26,0.34,0.27,0.19,0.42,0.42,0.18,0.29,0.58,0.18,0.42,0.32,0.43,0.2,0.39,0.18,0.28,0.38,0.3444,-17.65,0.64,0.18,0.129,Stable
iptables,0.19,0.19,0.27,0.59,0.19,0.27,0.59,0.27,0.66,0.27,0.44,0.32,0.63,0.4,0.6,0.61,0.42,0.47,0.18,0.13,0.37,0.48,0.39,0.16,0.0,0.3636,-15.79,0.66,0.0,0.168,Stable
kerberos,0.41,0.41,0.58,0.67,0.41,0.58,0.67,0.36,0.26,0.56,0.44,0.35,0.18,0.26,0.2,0.3,0.29,0.63,0.32,0.24,0.51,0.38,0.24,0.16,0.08,0.3796,-60.98,0.67,0.08,0.153,Decreasing
lantopologies,0.16,0.16,0.41,0.63,0.16,0.41,0.63,0.32,0.48,0.19,0.37,0.59,0.41,0.49,0.69,0.37,0.24,0.29,0.51,0.39,0.33,0.33,0.28,0.22,0.16,0.3688,37.5,0.69,0.16,0.145,Stable
ldap,0.46,0.46,0.56,0.34,0.46,0.56,0.34,0.19,0.23,0.34,0.34,0.34,0.54,0.39,0.25,0.14,0.33,0.29,0.24,0.44,0.43,0.31,0.19,0.47,0.75,0.3756,2.17,0.75,0.14,0.117,Stable
linux,0.0,0.0,0.0,0.0,0.0,0.0,0.0,0.0,0.002210063,0.009660114,0.021280767,0.04357745,0.092163188,0.1422817117293742,0.2029158572014187,0.303135081,0.3996292797690128,0.526761367,0.6084624021958045,0.6679202238579857,0.7690484253301727,0.778833301,0.916873117,1.0,1.0,0.2994,148.0,1.0,0.0,0.161,Increasing
macos,0.72,0.72,0.32,0.29,0.72,0.32,0.29,0.51,0.24,0.33,0.58,0.54,0.27,0.15,0.28,0.2,0.19,0.28,0.24,0.21,0.4,0.15,0.74,0.22,0.0,0.3564,-69.44,0.74,0.0,0.18,Decreasing
nagios,0.25,0.25,0.39,0.23,0.25,0.39,0.23,0.28,0.31,0.26,0.51,0.22,0.22,0.29,0.21,0.37,0.26,0.22,0.44,0.53,0.28,0.22,0.22,0.31,0.4,0.3016,24.0,0.53,0.21,0.098,Stable
netcat,0.33,0.33,0.65,0.25,0.33,0.65,0.25,0.34,0.44,0.13,0.15,0.21,0.2,0.37,0.15,0.46,0.26,0.23,0.47,0.45,0.63,0.48,0.37,0.52,0.67,0.3728,57.58,0.67,0.13,0.156,Increasing
netplan,0.41,0.41,0.34,0.42,0.41,0.34,0.42,0.21,0.34,0.42,0.19,0.39,0.28,0.46,0.27,0.44,0.4,0.29,0.24,0.46,0.21,0.13,0.31,0.27,0.23,0.3316,-34.15,0.46,0.13,0.099,Decreasing
ntopng,0.27,0.27,0.26,0.21,0.27,0.26,0.21,0.29,0.34,0.47,0.34,0.55,0.41,0.34,0.33,0.41,0.17,0.16,0.31,0.72,0.35,0.14,0.24,0.62,1.0,0.3576,129.63,1.0,0.14,0.151,Increasing
observium,0.5,0.5,0.25,0.37,0.5,0.25,0.37,0.12,0.23,0.38,0.42,0.25,0.33,0.4,0.54,0.41,0.35,0.64,0.2,0.35,0.47,0.31,0.34,0.24,0.14,0.3544,-52.0,0.64,0.12,0.124,Decreasing
openwrt,0.36,0.36,0.46,0.18,0.36,0.46,0.18,0.29,0.6,0.18,0.41,0.42,0.73,0.14,0.28,0.43,0.16,0.31,0.4,0.4,0.24,0.57,0.13,0.2,0.27,0.3408,-44.44,0.73,0.13,0.165,Decreasing
opnsense,0.14,0.14,0.28,0.35,0.14,0.28,0.35,0.43,0.59,0.45,0.36,0.43,0.19,0.34,0.32,0.37,0.56,0.31,0.24,0.42,0.37,0.18,0.15,0.39,0.63,0.3364,178.57,0.63,0.14,0.123,Increasing
pfsense,0.18,0.18,0.31,0.34,0.18,0.31,0.34,0.31,0.43,0.4,0.26,0.12,0.32,0.64,0.29,0.27,0.26,0.39,0.45,0.25,0.49,0.13,0.31,0.15,0.0,0.2924,-16.67,0.64,0.0,0.128,Stable
radius,0.53,0.53,0.52,0.61,0.53,0.52,0.61,0.31,0.7,0.27,0.34,0.45,0.22,0.43,0.47,0.2,0.27,0.15,0.67,0.71,0.38,0.37,0.13,0.28,0.43,0.4252,-47.17,0.71,0.13,0.179,Decreasing
routing&switching,0.35,0.35,0.19,0.19,0.35,0.19,0.19,0.5,0.46,0.53,0.33,0.25,0.17,0.27,0.29,0.42,0.54,0.59,0.29,0.3,0.21,0.2,0.32,0.38,0.44,0.332,8.57,0.59,0.17,0.129,Stable
rtos,0.31,0.31,0.35,0.26,0.31,0.35,0.26,0.39,0.13,0.27,0.27,0.34,0.75,0.4,0.41,0.18,0.18,0.4,0.13,0.41,0.24,0.23,0.21,0.43,0.65,0.3268,38.71,0.75,0.13,0.141,Increasing
snmp,0.34,0.34,0.54,0.27,0.34,0.54,0.27,0.24,0.18,0.28,0.12,0.15,0.55,0.31,0.25,0.43,0.42,0.35,0.22,0.24,0.38,0.24,0.33,0.2,0.07,0.304,-41.18,0.55,0.07,0.118,Decreasing
tcpip,0.19,0.19,0.38,0.49,0.19,0.38,0.49,0.45,0.26,0.39,0.2,0.26,0.37,0.44,0.33,0.54,0.61,0.43,0.22,0.14,0.39,0.59,0.31,0.21,0.11,0.3424,10.53,0.61,0.11,0.137,Stable
tcpdump,0.31,0.31,0.35,0.35,0.31,0.35,0.35,0.31,0.44,0.41,0.42,0.33,0.49,0.49,0.52,0.25,0.32,0.35,0.38,0.44,0.4,0.14,0.54,0.38,0.22,0.3664,22.58,0.54,0.14,0.095,Stable
tinc,0.34,0.34,0.44,0.42,0.34,0.44,0.42,0.64,0.16,0.35,0.29,0.37,0.24,0.43,0.29,0.41,0.22,0.36,0.47,0.4,0.68,0.57,0.33,0.24,0.15,0.3736,-29.41,0.68,0.15,0.135,Decreasing
traceroute,0.72,0.72,0.39,0.37,0.72,0.39,0.37,0.33,0.35,0.52,0.29,0.28,0.23,0.42,0.15,0.57,0.2,0.35,0.27,0.17,0.53,0.3,0.44,0.43,0.42,0.3972,-40.28,0.72,0.15,0.143,Decreasing
unix,0.33,0.33,0.32,0.2,0.33,0.32,0.2,0.21,0.47,0.15,0.6,0.31,0.13,0.29,0.37,0.15,0.4,0.17,0.32,0.3,0.14,0.26,0.18,0.21,0.24,0.2772,-36.36,0.6,0.13,0.122,Decreasing
wifipineapple,0.32,0.32,0.15,0.24,0.32,0.15,0.24,0.26,0.27,0.7,0.41,0.42,0.47,0.25,0.28,0.26,0.32,0.31,0.2,0.17,0.25,0.47,0.37,0.5,0.63,0.3312,56.25,0.7,0.15,0.132,Increasing
windowsserver,0.35,0.35,0.45,0.45,0.35,0.45,0.45,0.31,0.37,0.71,0.2,0.36,0.57,0.42,0.3,0.23,0.13,0.4,0.43,0.25,0.38,0.34,0.34,0.32,0.3,0.3684,-8.57,0.71,0.13,0.128,Stable
wiresharkcli,0.34,0.34,0.18,0.4,0.34,0.18,0.4,0.53,0.41,0.43,0.17,0.19,0.3,0.21,0.36,0.29,0.36,0.49,0.2,0.33,0.35,0.33,0.34,0.5,0.66,0.3452,47.06,0.66,0.17,0.107,Increasing
zabbix,0.31,0.31,0.47,0.28,0.31,0.47,0.28,0.28,0.43,0.4,0.43,0.18,0.18,0.33,0.51,0.43,0.37,0.5,0.4,0.18,0.16,0.31,0.34,0.58,0.82,0.3704,87.1,0.82,0.16,0.121,Increasing
zerotier,0.48,0.48,0.14,0.14,0.48,0.14,0.14,0.19,0.3,0.29,0.23,0.5,0.46,0.51,0.23,0.49,0.26,0.24,0.17,0.2,0.26,0.52,0.55,0.56,0.57,0.3412,16.67,0.57,0.14,0.152,Stable
