Skill,2004,2005,2006,2007,2008,2009,2010,2011,2012,2013,2014,2015,2016,2017,2018,2019,2020,2021,2022,2023,Average_Relevance,Min_Relevance,Max_Relevance,StdDev_Relevance,Trend_Direction,Growth_Rate_%
ada,0.42,0.3,0.22,0.21,0.22,0.5,0.21,0.17,0.44,0.41,0.7,0.32,0.14,0.48,0.33,0.38,0.42,0.49,0.54,0.41,0.366,0.14,0.7,0.144,Stable,-2.38
agda,0.32,0.53,0.38,0.4,0.16,0.28,0.5,0.33,0.4,0.44,0.54,0.39,0.34,0.12,0.13,0.18,0.32,0.15,0.36,0.38,0.332,0.12,0.54,0.129,Stable,18.75
assembly,0.47,0.31,0.31,0.23,0.4,0.35,0.24,0.29,0.34,0.26,0.54,0.45,0.14,0.41,0.43,0.11,0.6,0.14,0.28,0.29,0.33,0.11,0.6,0.13,Decreasing,-38.3
ats,0.24,0.49,0.29,0.62,0.3,0.33,0.22,0.51,0.26,0.31,0.16,0.23,0.68,0.48,0.51,0.21,0.48,0.45,0.45,0.43,0.382,0.16,0.68,0.146,Increasing,79.17
awk,0.6,0.45,0.71,0.77,0.45,0.31,0.7,0.4,0.24,0.54,0.42,0.31,0.67,0.54,0.12,0.71,0.27,0.14,0.21,0.53,0.455,0.12,0.77,0.202,Stable,-11.67
ballerina,0.2,0.29,0.47,0.31,0.47,0.38,0.19,0.36,0.43,0.22,0.45,0.19,0.29,0.41,0.3,0.44,0.76,0.55,0.43,0.39,0.376,0.19,0.76,0.138,Increasing,95.0
bash,0.0,0.0,0.0,0.0,0.002139206908846,0.0089133621201917,0.0212732242601909,0.0456364140553816,0.0856871211821098,0.1417818801251832,0.1959751218159489,0.262924375074278,0.3591490710295923,0.4770431406726617,0.5274333478588124,0.6066632333716278,0.6719090440914313,0.6947668660618785,0.8592481083864834,1.0,0.336,0.11,0.6,0.152,Decreasing,-46.43
bosque,0.26,0.64,0.54,0.4,0.53,0.15,0.38,0.59,0.37,0.35,0.34,0.38,0.28,0.35,0.53,0.21,0.36,0.27,0.33,0.41,0.384,0.15,0.64,0.127,Increasing,57.69
c,0.28,0.3,0.51,0.48,0.15,0.31,0.31,0.49,0.42,0.38,0.43,0.21,0.16,0.22,0.15,0.37,0.22,0.28,0.46,0.3,0.322,0.15,0.51,0.117,Stable,7.14
c#,0.0,0.0,0.0,0.0,0.0013395714363678,0.0061719513586727,0.0142391482310214,0.0297384858873668,0.063292269680537,0.1090708831744866,0.1692771771756872,0.2397435961043278,0.3151019314635562,0.4192263230748622,0.5228843453712846,0.5872532335766061,0.6873539495031182,0.7274418650803495,0.8892273649637572,1.0,0.426,0.19,0.76,0.161,Stable,9.09
c++,0.0,0.0,0.0,0.0,0.0013395714363678,0.0061719513586727,0.0142391482310214,0.0297384858873668,0.063292269680537,0.1090708831744866,0.1692771771756872,0.2397435961043278,0.3151019314635562,0.4192263230748622,0.5228843453712846,0.5872532335766061,0.6873539495031182,0.7274418650803495,0.8892273649637572,1.0,0.369,0.15,0.67,0.139,Decreasing,-44.07
chisel,0.18,0.26,0.46,0.11,0.34,0.24,0.26,0.33,0.43,0.34,0.48,0.34,0.47,0.4,0.44,0.45,0.29,0.33,0.29,0.23,0.334,0.11,0.48,0.103,Stable,27.78
clojure,0.42,0.53,0.36,0.4,0.27,0.59,0.14,0.26,0.32,0.18,0.34,0.14,0.25,0.14,0.17,0.43,0.36,0.47,0.35,0.69,0.34,0.14,0.69,0.154,Increasing,64.29
cobol,0.35,0.57,0.49,0.57,0.59,0.39,0.45,0.45,0.14,0.13,0.56,0.38,0.24,0.37,0.31,0.47,0.31,0.6,0.32,0.56,0.412,0.13,0.6,0.144,Increasing,60.0
crystal,0.22,0.42,0.23,0.15,0.23,0.29,0.61,0.49,0.58,0.52,0.18,0.17,0.25,0.26,0.27,0.3,0.54,0.26,0.4,0.51,0.344,0.15,0.61,0.149,Increasing,131.82
dart,0.42,0.33,0.26,0.65,0.36,0.25,0.42,0.16,0.34,0.28,0.26,0.38,0.24,0.58,0.44,0.73,0.49,0.22,0.24,0.35,0.37,0.16,0.73,0.15,Stable,-16.67
datalog,0.22,0.45,0.2,0.68,0.26,0.41,0.5,0.33,0.22,0.34,0.42,0.35,0.37,0.41,0.27,0.39,0.33,0.69,0.44,0.33,0.38,0.2,0.69,0.132,Increasing,50.0
elixir,0.39,0.28,0.24,0.5,0.25,0.33,0.14,0.15,0.59,0.15,0.57,0.34,0.44,0.16,0.33,0.3,0.47,0.16,0.71,0.53,0.352,0.14,0.71,0.169,Increasing,35.9
erlang,0.25,0.37,0.28,0.17,0.19,0.3,0.37,0.33,0.18,0.23,0.39,0.16,0.43,0.4,0.22,0.18,0.28,0.23,0.24,0.19,0.27,0.16,0.43,0.086,Stable,-24.0
f#,0.29,0.22,0.39,0.34,0.57,0.18,0.26,0.51,0.42,0.28,0.45,0.34,0.52,0.5,0.35,0.33,0.24,0.16,0.49,0.39,0.362,0.16,0.57,0.12,Stable,34.48
forth,0.34,0.21,0.24,0.23,0.23,0.22,0.59,0.48,0.36,0.51,0.18,0.41,0.39,0.37,0.21,0.23,0.32,0.37,0.22,0.32,0.322,0.18,0.59,0.114,Stable,-5.88
fortran,0.45,0.42,0.34,0.41,0.27,0.56,0.83,0.13,0.25,0.31,0.45,0.22,0.3,0.28,0.22,0.19,0.61,0.37,0.26,0.27,0.357,0.13,0.83,0.165,Decreasing,-40.0
gleam,0.24,0.39,0.54,0.21,0.43,0.37,0.19,0.38,0.18,0.62,0.55,0.47,0.62,0.39,0.71,0.53,0.19,0.26,0.33,0.25,0.392,0.18,0.71,0.163,Stable,4.17
go,0.37,0.38,0.42,0.57,0.34,0.22,0.35,0.18,0.51,0.22,0.61,0.2,0.42,0.47,0.3,0.28,0.37,0.61,0.33,0.6,0.388,0.18,0.61,0.138,Increasing,62.16
hack,0.28,0.3,0.28,0.31,0.26,0.4,0.56,0.22,0.29,0.18,0.25,0.36,0.16,0.75,0.39,0.42,0.27,0.31,0.17,0.49,0.332,0.16,0.75,0.142,Increasing,75.0
haskell,0.27,0.38,0.11,0.29,0.26,0.49,0.13,0.39,0.48,0.33,0.28,0.56,0.53,0.55,0.18,0.34,0.45,0.45,0.5,0.25,0.361,0.11,0.56,0.138,Stable,-7.41
html,0.0,0.0,0.0,0.0,0.0003503621586264,0.0011188985065812,0.0027209577319136,0.0057583716071027,0.0120126186887131,0.0210033637592729,0.033694102755005,0.0524554312491965,0.0806511085147893,0.1235280904273429,0.1579455215098348,0.2092241314762255,0.3602457621012688,0.507712912117021,0.7328092970294092,1.0,0.278,0.13,0.45,0.092,Decreasing,-60.47
idris,0.28,0.14,0.27,0.26,0.26,0.31,0.59,0.2,0.51,0.24,0.58,0.16,0.24,0.36,0.44,0.27,0.23,0.26,0.4,0.15,0.308,0.14,0.59,0.133,Decreasing,-46.43
io,0.27,0.35,0.21,0.33,0.45,0.32,0.61,0.37,0.53,0.39,0.13,0.46,0.49,0.18,0.22,0.48,0.34,0.45,0.17,0.42,0.359,0.13,0.61,0.131,Increasing,55.56
java,0.0,0.0,0.0,0.0,0.0003726358326616,0.0017348268209471,0.0042011239800819,0.0103026907067383,0.0218613021828179,0.0433416877366927,0.0737832749997239,0.1270881407956189,0.1964425699175232,0.2891971491978669,0.3689674399090216,0.4306207284892515,0.5454132669397489,0.6468475008556823,0.848286151196299,1.0,0.331,0.14,0.77,0.159,Increasing,113.89
javascript,0.0,0.0,0.0,0.0,0.000981013078698,0.0032176343190706,0.007135043204436,0.0147617001864589,0.0278204679631688,0.0468450353651893,0.0681770872548021,0.096314225353984,0.1437217377439799,0.2352681952459619,0.2883359095076333,0.3238162515999592,0.5189182725311909,0.6493708672332774,0.8811158304065336,1.0,0.36,0.17,0.72,0.15,Increasing,94.74
janet,0.29,0.56,0.25,0.24,0.42,0.22,0.31,0.39,0.3,0.52,0.35,0.23,0.27,0.53,0.28,0.29,0.55,0.36,0.27,0.19,0.341,0.19,0.56,0.117,Stable,-34.48
julia,0.38,0.67,0.48,0.48,0.27,0.16,0.24,0.37,0.37,0.48,0.33,0.41,0.51,0.23,0.29,0.64,0.25,0.24,0.2,0.42,0.371,0.16,0.67,0.142,Stable,10.53
kotlin,0.14,0.34,0.31,0.5,0.34,0.22,0.49,0.49,0.33,0.44,0.27,0.45,0.24,0.38,0.76,0.49,0.21,0.2,0.36,0.29,0.363,0.14,0.76,0.144,Increasing,107.14
latex,0.21,0.25,0.41,0.5,0.26,0.37,0.2,0.54,0.27,0.69,0.19,0.17,0.27,0.58,0.27,0.2,0.15,0.27,0.35,0.3,0.322,0.15,0.69,0.15,Stable,42.86
less,0.29,0.37,0.53,0.41,0.57,0.22,0.19,0.33,0.53,0.27,0.43,0.25,0.72,0.37,0.4,0.61,0.31,0.5,0.25,0.42,0.398,0.19,0.72,0.143,Increasing,44.83
lisp,0.42,0.32,0.11,0.38,0.21,0.32,0.33,0.45,0.22,0.45,0.34,0.2,0.31,0.52,0.59,0.48,0.43,0.59,0.26,0.17,0.355,0.11,0.59,0.136,Decreasing,-59.52
lua,0.69,0.35,0.42,0.55,0.33,0.34,0.4,0.33,0.54,0.57,0.34,0.52,0.24,0.46,0.34,0.27,0.25,0.68,0.55,0.62,0.439,0.24,0.69,0.141,Stable,-10.14
markdown,0.25,0.53,0.69,0.42,0.36,0.18,0.57,0.31,0.27,0.42,0.58,0.35,0.68,0.72,0.18,0.5,0.15,0.36,0.31,0.38,0.41,0.15,0.72,0.174,Increasing,52.0
matlab,0.16,0.3,0.58,0.41,0.34,0.72,0.24,0.48,0.37,0.57,0.33,0.42,0.43,0.31,0.37,0.39,0.35,0.52,0.31,0.39,0.399,0.16,0.72,0.127,Increasing,143.75
maven,0.17,0.33,0.21,0.46,0.54,0.28,0.24,0.49,0.49,0.28,0.35,0.48,0.56,0.18,0.16,0.52,0.24,0.28,0.32,0.25,0.342,0.16,0.56,0.134,Stable,47.06
moonscript,0.26,0.22,0.38,0.63,0.29,0.48,0.29,0.36,0.22,0.39,0.39,0.13,0.32,0.19,0.11,0.27,0.31,0.27,0.3,0.17,0.299,0.11,0.63,0.121,Stable,-34.62
nim,0.59,0.33,0.75,0.69,0.35,0.31,0.28,0.51,0.24,0.38,0.41,0.63,0.41,0.17,0.38,0.43,0.3,0.54,0.22,0.35,0.414,0.17,0.75,0.159,Decreasing,-40.68
nosql,0.0,0.0,0.0,0.0,0.0,0.0009147935180345,0.0100627286983795,0.0139832723470987,0.029273392577104,0.0449555671719811,0.0633821223209618,0.093308938839519,0.1308154730789336,0.1680606377417668,0.198379508625196,0.2600627286983795,0.3907475169890225,0.4027705175117616,0.5283585990590696,1.0,0.338,0.16,0.62,0.133,Increasing,75.0
objective-c,0.31,0.26,0.53,0.5,0.36,0.44,0.38,0.21,0.36,0.35,0.69,0.49,0.52,0.39,0.59,0.18,0.54,0.62,0.53,0.49,0.437,0.18,0.69,0.137,Increasing,58.06
ocaml,0.0,0.0,0.0,0.0,0.0090497737556561,0.0432378079436902,0.0708898944193061,0.1206636500754147,0.2332830568124685,0.3579688285570638,0.4343891402714932,0.63298139768728,0.6380090497737556,0.6822523881347411,0.7154348919054802,0.702865761689291,0.7174459527400704,0.7501256913021619,0.8250377073906485,1.0,0.361,0.15,0.71,0.164,Decreasing,-50.0
perl,0.24,0.32,0.3,0.35,0.25,0.16,0.38,0.3,0.14,0.52,0.51,0.15,0.27,0.38,0.69,0.31,0.59,0.55,0.34,0.57,0.366,0.14,0.69,0.157,Increasing,137.5
php,0.45,0.5,0.53,0.21,0.19,0.59,0.19,0.41,0.26,0.24,0.47,0.5,0.34,0.33,0.42,0.38,0.33,0.31,0.54,0.14,0.366,0.14,0.59,0.133,Decreasing,-68.89
pony,0.54,0.48,0.53,0.28,0.28,0.22,0.49,0.28,0.32,0.63,0.32,0.28,0.45,0.75,0.53,0.21,0.15,0.43,0.81,0.4,0.419,0.15,0.81,0.179,Decreasing,-25.93
powershell,0.19,0.21,0.22,0.16,0.45,0.18,0.14,0.4,0.43,0.55,0.34,0.38,0.27,0.38,0.18,0.18,0.38,0.35,0.52,0.2,0.305,0.14,0.55,0.128,Stable,5.26
prolog,0.43,0.47,0.58,0.51,0.36,0.45,0.58,0.34,0.32,0.16,0.17,0.34,0.26,0.47,0.18,0.14,0.53,0.39,0.35,0.16,0.359,0.14,0.58,0.144,Decreasing,-62.79
python,0.0,0.0,0.0,0.0,0.0005438160348042,0.0027725702758051,0.0059590520535104,0.0115767863146848,0.0228733863819295,0.0399507381634046,0.0612066857532934,0.1002888465496337,0.1456802922087846,0.2457602726466902,0.3570273258005685,0.4383908649094744,0.6447493097229722,0.7122321674189243,0.8334381909138147,1.0,0.346,0.1,0.7,0.144,Stable,0.0
r,0.3,0.19,0.29,0.7,0.3,0.32,0.41,0.32,0.32,0.28,0.37,0.48,0.49,0.41,0.27,0.25,0.38,0.46,0.54,0.31,0.369,0.19,0.7,0.119,Stable,3.33
racket,0.25,0.31,0.36,0.5,0.64,0.25,0.45,0.11,0.22,0.43,0.45,0.57,0.33,0.23,0.38,0.45,0.52,0.25,0.12,0.78,0.38,0.11,0.78,0.172,Increasing,212.0
reasonml,0.0,0.0,0.0,0.0,0.0,0.0,0.0,0.0,0.0,0.0013698630136986,0.0013698630136986,0.0068493150684931,0.0205479452054794,0.4424657534246575,1.0,0.8164383561643835,0.4794520547945205,0.0972602739726027,0.0356164383561643,0.0260273972602739,0.38,0.15,0.61,0.162,Decreasing,-40.38
red,0.19,0.42,0.35,0.56,0.33,0.19,0.46,0.28,0.65,0.38,0.19,0.13,0.57,0.32,0.6,0.36,0.51,0.5,0.17,0.43,0.38,0.13,0.65,0.156,Increasing,126.32
rescript,0.26,0.23,0.27,0.23,0.18,0.35,0.45,0.73,0.35,0.6,0.3,0.31,0.41,0.27,0.37,0.27,0.35,0.29,0.46,0.24,0.346,0.18,0.73,0.133,Stable,-7.69
ruby,0.41,0.15,0.34,0.38,0.78,0.18,0.22,0.55,0.18,0.3,0.49,0.48,0.23,0.31,0.16,0.34,0.51,0.18,0.2,0.38,0.338,0.15,0.78,0.164,Stable,-7.32
rust,0.35,0.44,0.48,0.19,0.84,0.44,0.54,0.31,0.21,0.36,0.3,0.55,0.71,0.3,0.47,0.27,0.21,0.2,0.53,0.33,0.401,0.19,0.84,0.174,Stable,-5.71
sass,0.5,0.35,0.35,0.63,0.54,0.7,0.32,0.39,0.27,0.31,0.35,0.3,0.47,0.2,0.21,0.32,0.48,0.34,0.23,0.15,0.37,0.15,0.7,0.144,Decreasing,-70.0
scala,0.22,0.38,0.66,0.23,0.31,0.41,0.16,0.22,0.56,0.55,0.43,0.21,0.23,0.23,0.48,0.34,0.34,0.31,0.51,0.49,0.364,0.16,0.66,0.142,Increasing,122.73
scheme,0.46,0.41,0.35,0.26,0.61,0.22,0.26,0.28,0.21,0.31,0.23,0.44,0.24,0.22,0.42,0.57,0.29,0.16,0.49,0.56,0.35,0.16,0.61,0.136,Stable,21.74
sed,0.39,0.53,0.31,0.59,0.5,0.48,0.29,0.32,0.19,0.58,0.51,0.49,0.25,0.31,0.49,0.75,0.26,0.4,0.39,0.35,0.419,0.19,0.75,0.139,Stable,-10.26
shellscripting,0.36,0.33,0.78,0.29,0.35,0.27,0.22,0.71,0.14,0.41,0.42,0.59,0.4,0.11,0.45,0.19,0.18,0.21,0.66,0.7,0.389,0.11,0.78,0.203,Increasing,94.44
sml,0.0,0.0,0.0,0.0,0.0013850415512465,0.0152354570637119,0.0235457063711911,0.0664819944598338,0.0692520775623268,0.2008310249307479,0.2520775623268698,0.3448753462603878,0.4141274238227146,0.5318559556786704,0.6565096952908587,0.7202216066481995,0.8019390581717452,0.9778393351800554,0.9182825484764544,1.0,0.338,0.12,0.6,0.154,Increasing,75.0
sql,0.0,0.0,0.0,0.0,0.0003503069492858,0.0014471696921318,0.0034284139135028,0.006678802983926,0.0139835642870679,0.0257906312990645,0.0435701446595418,0.0759304669419351,0.1170369774827287,0.1797706350892708,0.2498779668414373,0.3232127167165328,0.4225620646287608,0.4996123652610361,0.7180660759304669,1.0,0.345,0.16,0.57,0.114,Stable,-21.95
sparql,0.25,0.16,0.16,0.29,0.52,0.16,0.42,0.44,0.19,0.31,0.31,0.2,0.42,0.45,0.24,0.47,0.55,0.19,0.26,0.31,0.315,0.16,0.55,0.127,Stable,24.0
swift,0.82,0.5,0.62,0.15,0.49,0.61,0.44,0.24,0.53,0.47,0.54,0.17,0.22,0.28,0.52,0.22,0.25,0.24,0.34,0.25,0.395,0.15,0.82,0.183,Decreasing,-69.51
systemverilog,0.0,0.0,0.0,0.0,0.0,0.0,0.0066489361702127,0.0026595744680851,0.0199468085106383,0.0398936170212766,0.0598404255319149,0.0984042553191489,0.1808510638297872,0.2340425531914893,0.2659574468085106,0.3989361702127659,0.4242021276595745,0.550531914893617,0.6343085106382979,1.0,0.331,0.15,0.55,0.121,Increasing,90.91
tcl,0.21,0.37,0.2,0.66,0.19,0.35,0.19,0.44,0.4,0.51,0.3,0.29,0.28,0.4,0.2,0.35,0.42,0.24,0.35,0.38,0.336,0.19,0.66,0.121,Increasing,80.95
typescript,0.0,0.0,0.0,0.0,6.504953522107085e-06,1.951486056632125e-05,7.805944226528502e-05,0.0002341783267958,0.0016782780087036,0.0040070513696179,0.0070838943855746,0.0225721887217115,0.0622133754854321,0.1220199181676846,0.1753605370489628,0.2663973615908514,0.4723116653331512,0.621919091388092,0.8729387428526824,1.0,0.397,0.22,0.58,0.119,Increasing,45.0
vala,0.13,0.16,0.22,0.66,0.22,0.57,0.34,0.4,0.56,0.3,0.38,0.45,0.22,0.15,0.38,0.34,0.17,0.48,0.29,0.14,0.328,0.13,0.66,0.157,Stable,7.69
verilog,0.24,0.4,0.58,0.24,0.45,0.26,0.17,0.42,0.5,0.36,0.28,0.24,0.26,0.27,0.52,0.6,0.28,0.32,0.21,0.47,0.354,0.17,0.6,0.13,Increasing,95.83
vhdl,0.34,0.16,0.6,0.43,0.33,0.36,0.29,0.26,0.34,0.21,0.43,0.59,0.22,0.38,0.21,0.53,0.56,0.46,0.16,0.21,0.354,0.16,0.6,0.142,Decreasing,-38.24
xml,0.0,0.0,0.0,0.0,0.0077604644057439,0.0324472960586617,0.0618392911701802,0.1143904674610449,0.1985334555453712,0.2822487014970974,0.4134433241674305,0.553070577451879,0.605927283837458,0.7751298502902536,0.8303085853956614,0.8347693247784906,0.8836541399327834,0.8520012221203789,0.9907118851206844,1.0,0.383,0.21,0.66,0.118,Stable,15.62
yaml,0.0,0.0,0.0,0.0,0.0105416212286441,0.0270810614322064,0.0263540530716103,0.0430752453653217,0.0674300254452926,0.0952380952380952,0.153944020356234,0.2195565249000363,0.2589967284623773,0.386041439476554,0.4727371864776445,0.5908760450745184,0.7479098509632861,0.7589967284623773,0.905852417302799,1.0,0.374,0.11,0.61,0.147,Increasing,100.0
zig,0.51,0.18,0.5,0.29,0.47,0.6,0.32,0.27,0.19,0.43,0.23,0.43,0.58,0.32,0.29,0.29,0.26,0.36,0.3,0.13,0.348,0.13,0.6,0.133,Decreasing,-74.51
zsh,0.59,0.25,0.18,0.39,0.38,0.15,0.64,0.47,0.35,0.17,0.37,0.62,0.57,0.45,0.21,0.29,0.44,0.27,0.16,0.18,0.357,0.15,0.64,0.163,Decreasing,-69.49
ajax,0.33,0.15,0.37,0.51,0.46,0.61,0.48,0.28,0.16,0.38,0.16,0.37,0.36,0.77,0.61,0.42,0.54,0.48,0.29,0.65,0.419,0.15,0.77,0.169,Increasing,96.97
alpine.js,0.16,0.43,0.3,0.59,0.24,0.2,0.75,0.35,0.64,0.16,0.53,0.32,0.48,0.53,0.25,0.37,0.38,0.23,0.35,0.32,0.379,0.16,0.75,0.164,Increasing,100.0
angular,0.0,0.0,0.0,0.0,0.0,1.8149588911811148e-05,6.654849267664087e-05,0.0003024931485301,0.0039626602457454,0.0469408867889142,0.1393343940759741,0.2474454453606625,0.4763601604423659,0.6560168912174139,0.726776088521595,0.7613752548504776,0.853442069537125,0.8686877242230463,0.9711240040413084,1.0,0.348,0.14,0.65,0.141,Increasing,228.57
asp.net,0.21,0.6,0.18,0.15,0.29,0.18,0.16,0.23,0.18,0.3,0.57,0.5,0.21,0.33,0.19,0.25,0.48,0.54,0.4,0.37,0.316,0.15,0.6,0.15,Increasing,76.19
astro,0.39,0.2,0.36,0.51,0.52,0.4,0.34,0.3,0.16,0.44,0.33,0.34,0.29,0.51,0.33,0.24,0.37,0.29,0.31,0.29,0.346,0.16,0.52,0.097,Decreasing,-25.64
bootstrap,0.21,0.3,0.22,0.35,0.17,0.21,0.21,0.35,0.51,0.43,0.62,0.35,0.33,0.33,0.35,0.32,0.61,0.19,0.24,0.18,0.324,0.17,0.62,0.133,Stable,-14.29
canvasapi,0.2,0.17,0.27,0.38,0.2,0.3,0.4,0.22,0.25,0.19,0.56,0.18,0.38,0.46,0.26,0.57,0.19,0.47,0.13,0.72,0.325,0.13,0.72,0.162,Increasing,260.0
chakraui,0.39,0.26,0.45,0.39,0.21,0.29,0.26,0.41,0.12,0.28,0.43,0.15,0.33,0.23,0.39,0.18,0.32,0.35,0.37,0.45,0.313,0.12,0.45,0.1,Stable,15.38
css,0.0,0.0,0.0,0.0,0.0002473861250743,0.0007851073552705,0.001841652264442,0.0037777922849888,0.0081018955961833,0.0150132454654466,0.0244671749535292,0.0400610906292197,0.06721687173373,0.1121071456795044,0.1467480750267142,0.1897262603807684,0.3566569201114612,0.5179062887614545,0.7965111684527716,1.0,0.346,0.14,0.74,0.163,Increasing,60.0
d3.js,0.37,0.46,0.28,0.44,0.21,0.4,0.43,0.38,0.77,0.14,0.16,0.25,0.24,0.32,0.38,0.24,0.24,0.43,0.3,0.24,0.334,0.14,0.77,0.141,Decreasing,-35.14
django,0.0,0.0,0.0,0.0,0.001687377213176,0.0071472477672383,0.0131314105268232,0.0230688570429919,0.0362243729585748,0.0510973978232833,0.0660367125070809,0.0966083718015162,0.1357314177584399,0.2126758186792657,0.3094408755077197,0.4049343730791018,0.6350082560956501,0.6969530788607793,0.8529149441357615,1.0,0.383,0.13,0.66,0.16,Stable,-2.17
dojo,0.27,0.13,0.41,0.18,0.4,0.28,0.31,0.29,0.74,0.15,0.4,0.22,0.41,0.28,0.19,0.5,0.4,0.38,0.5,0.14,0.329,0.13,0.74,0.15,Decreasing,-48.15
ejs,0.31,0.13,0.42,0.49,0.18,0.47,0.31,0.53,0.62,0.46,0.17,0.29,0.47,0.35,0.34,0.49,0.41,0.42,0.23,0.15,0.362,0.13,0.62,0.139,Decreasing,-51.61
eleventy,0.26,0.43,0.25,0.5,0.32,0.49,0.4,0.35,0.4,0.4,0.35,0.48,0.16,0.37,0.25,0.46,0.25,0.56,0.19,0.35,0.361,0.16,0.56,0.109,Stable,34.62
ember.js,0.34,0.24,0.29,0.54,0.37,0.28,0.4,0.35,0.23,0.53,0.39,0.35,0.4,0.35,0.43,0.52,0.5,0.59,0.45,0.23,0.389,0.23,0.59,0.108,Decreasing,-32.35
express.js,0.0,0.0,0.0,0.0,0.0,3.068802553243724e-05,0.0008899527404406,0.0050635242128521,0.0153440127662186,0.0283864236175044,0.0433314920518013,0.062818388264899,0.1001043392868102,0.183115448352053,0.2662493095194255,0.3373534646780826,0.5424722273368932,0.6001657153378752,0.696311299331001,1.0,0.343,0.12,0.76,0.167,Stable,-19.35
flask,0.0,0.0,0.0,0.0,2.092334731710379e-05,2.092334731710379e-05,0.0010880140604893,0.0029711153190287,0.0100327450385512,0.0228796802912529,0.0391580445039597,0.0740686495025474,0.1185726092460271,0.2019521483046857,0.3191542783014426,0.409731448837185,0.6347829725799533,0.703453398474688,0.7864144705870045,1.0,0.318,0.13,0.63,0.137,Decreasing,-33.33
gatsby,0.5,0.25,0.39,0.35,0.41,0.41,0.66,0.36,0.39,0.12,0.34,0.35,0.39,0.63,0.2,0.23,0.42,0.32,0.63,0.26,0.38,0.12,0.66,0.142,Decreasing,-48.0
gridsome,0.45,0.17,0.2,0.58,0.37,0.45,0.49,0.18,0.22,0.43,0.4,0.46,0.36,0.42,0.25,0.34,0.42,0.27,0.44,0.19,0.355,0.17,0.58,0.12,Decreasing,-57.78
handlebars,0.19,0.5,0.23,0.55,0.31,0.33,0.19,0.39,0.24,0.16,0.37,0.5,0.33,0.18,0.28,0.46,0.51,0.32,0.2,0.68,0.346,0.16,0.68,0.146,Increasing,257.89
htmx,0.29,0.28,0.11,0.28,0.25,0.48,0.25,0.15,0.44,0.31,0.26,0.6,0.34,0.69,0.3,0.42,0.46,0.39,0.22,0.29,0.34,0.11,0.69,0.142,Stable,0.0
hugo,0.25,0.34,0.22,0.29,0.2,0.29,0.25,0.25,0.38,0.16,0.32,0.46,0.18,0.3,0.2,0.52,0.16,0.46,0.37,0.27,0.294,0.16,0.52,0.103,Stable,8.0
jquery,0.3,0.35,0.14,0.38,0.16,0.29,0.74,0.2,0.13,0.27,0.42,0.54,0.44,0.45,0.37,0.31,0.27,0.19,0.41,0.21,0.328,0.13,0.74,0.149,Stable,-30.0
jekyll,0.53,0.32,0.28,0.68,0.45,0.29,0.27,0.4,0.47,0.42,0.24,0.2,0.25,0.35,0.58,0.5,0.42,0.5,0.21,0.35,0.386,0.2,0.68,0.132,Decreasing,-33.96
liquid,0.2,0.45,0.25,0.3,0.18,0.38,0.52,0.28,0.32,0.39,0.45,0.67,0.44,0.33,0.47,0.25,0.28,0.43,0.44,0.71,0.387,0.18,0.71,0.141,Increasing,255.0
lit,0.25,0.18,0.15,0.4,0.21,0.32,0.19,0.37,0.21,0.29,0.25,0.48,0.5,0.21,0.51,0.44,0.3,0.34,0.44,0.34,0.319,0.15,0.51,0.114,Stable,36.0
marko,0.32,0.32,0.34,0.4,0.39,0.57,0.36,0.21,0.54,0.54,0.44,0.48,0.26,0.19,0.81,0.22,0.48,0.19,0.45,0.59,0.405,0.19,0.81,0.159,Increasing,84.37
materialui,0.28,0.28,0.58,0.29,0.12,0.55,0.28,0.26,0.3,0.17,0.51,0.38,0.38,0.22,0.53,0.4,0.29,0.29,0.67,0.37,0.358,0.12,0.67,0.144,Stable,32.14
mithril.js,0.24,0.46,0.7,0.62,0.34,0.36,0.62,0.21,0.31,0.16,0.22,0.25,0.7,0.23,0.51,0.24,0.32,0.37,0.41,0.28,0.378,0.16,0.7,0.17,Stable,16.67
next.js,0.37,0.52,0.16,0.28,0.28,0.15,0.19,0.62,0.46,0.17,0.36,0.21,0.39,0.28,0.61,0.52,0.33,0.16,0.17,0.12,0.318,0.12,0.62,0.159,Decreasing,-67.57
node.js,0.0,0.0,0.0,0.0,7.198017460333782e-05,0.0011722485578257,0.0115990909932235,0.0331520118458801,0.0607101358368723,0.1023043938755154,0.136340733580808,0.1756933233246614,0.2398996390708387,0.3451860687513496,0.4418657261257185,0.5035630186428652,0.7534781848656541,0.7201822126705673,0.8070314347705375,1.0,0.34,0.14,0.62,0.126,Stable,-8.82
nuxt.js,0.26,0.46,0.42,0.43,0.23,0.44,0.2,0.25,0.14,0.15,0.44,0.38,0.27,0.58,0.19,0.3,0.69,0.53,0.3,0.34,0.35,0.14,0.69,0.148,Stable,30.77
parcel,0.16,0.18,0.46,0.5,0.31,0.17,0.24,0.54,0.21,0.35,0.35,0.39,0.35,0.56,0.25,0.38,0.36,0.37,0.22,0.22,0.328,0.16,0.56,0.122,Stable,37.5
pug,0.43,0.32,0.29,0.4,0.4,0.47,0.29,0.39,0.5,0.31,0.17,0.55,0.18,0.38,0.14,0.29,0.31,0.31,0.38,0.31,0.341,0.14,0.55,0.106,Decreasing,-27.91
qwik,0.25,0.34,0.41,0.25,0.56,0.15,0.39,0.41,0.19,0.27,0.47,0.45,0.38,0.64,0.31,0.33,0.23,0.41,0.19,0.22,0.342,0.15,0.64,0.129,Stable,-12.0
react,0.0,0.0,0.0,0.0,2.523470377401818e-06,2.1028919811681817e-05,3.448742849115818e-05,8.579799283166182e-05,0.0002279534907586,0.0008260159702028,0.0040501699557299,0.0237820259934272,0.072940070102007,0.151949927618458,0.2370657422914288,0.323226273700644,0.5166973829088716,0.6516365967132639,0.8299122084655702,1.0,0.394,0.17,0.68,0.152,Decreasing,-61.76
remix,0.55,0.45,0.62,0.11,0.26,0.3,0.23,0.4,0.38,0.49,0.39,0.28,0.24,0.29,0.37,0.38,0.25,0.7,0.17,0.23,0.355,0.11,0.7,0.151,Decreasing,-58.18
serverless,0.47,0.19,0.36,0.32,0.2,0.82,0.32,0.28,0.41,0.33,0.4,0.38,0.19,0.23,0.42,0.24,0.27,0.31,0.54,0.33,0.351,0.19,0.82,0.145,Decreasing,-29.79
solidjs,0.44,0.44,0.14,0.35,0.31,0.22,0.62,0.4,0.32,0.31,0.55,0.68,0.26,0.45,0.2,0.59,0.53,0.28,0.3,0.21,0.38,0.14,0.68,0.153,Decreasing,-52.27
stencil.js,0.53,0.37,0.3,0.46,0.49,0.59,0.61,0.46,0.21,0.25,0.38,0.19,0.22,0.29,0.46,0.25,0.31,0.32,0.57,0.58,0.392,0.19,0.61,0.14,Stable,9.43
svelte,0.51,0.63,0.41,0.28,0.43,0.47,0.16,0.31,0.28,0.36,0.4,0.25,0.42,0.53,0.52,0.19,0.76,0.31,0.38,0.37,0.398,0.16,0.76,0.146,Decreasing,-27.45
tailwindcss,0.0,0.0,0.0,0.0,0.0,0.0,1.9889019272459675e-05,3.977803854491935e-05,0.0001193341156347,9.944509636229836e-05,0.0002386682312695,0.0006563376359911,0.0010342290021679,0.0027645736788718,0.0101235108096819,0.0299528630243242,0.1150380874719067,0.2892658962986535,0.6328288152111219,1.0,0.361,0.15,0.64,0.156,Decreasing,-47.37
tauri,0.41,0.29,0.45,0.39,0.47,0.38,0.21,0.43,0.57,0.22,0.45,0.45,0.17,0.43,0.59,0.59,0.26,0.29,0.39,0.23,0.383,0.17,0.59,0.127,Decreasing,-43.9
three.js,0.58,0.66,0.18,0.46,0.26,0.61,0.39,0.32,0.47,0.23,0.18,0.6,0.51,0.57,0.23,0.39,0.53,0.32,0.2,0.26,0.398,0.18,0.66,0.162,Decreasing,-55.17
vite,0.38,0.54,0.68,0.5,0.12,0.43,0.3,0.7,0.21,0.19,0.44,0.27,0.27,0.36,0.32,0.2,0.3,0.48,0.24,0.46,0.37,0.12,0.7,0.159,Stable,21.05
vue.js,0.0,0.0,0.0,0.0,0.0,0.0,0.0,8.705493166187865e-05,4.3527465830939325e-05,0.0003482197266475,0.0048315487072342,0.0145381735875337,0.1088186645773483,0.4206929572560285,0.6872551580047009,0.7978584486811178,1.0,0.908200574562549,0.7639070253329852,0.7423609297466701,0.303,0.17,0.53,0.119,Increasing,95.65
webcomponents,0.51,0.32,0.19,0.52,0.45,0.15,0.36,0.24,0.16,0.46,0.43,0.29,0.19,0.36,0.58,0.4,0.31,0.44,0.47,0.21,0.352,0.15,0.58,0.131,Decreasing,-58.82
webgl,0.42,0.41,0.22,0.41,0.22,0.49,0.61,0.42,0.37,0.2,0.18,0.62,0.56,0.19,0.22,0.29,0.53,0.64,0.26,0.63,0.394,0.18,0.64,0.165,Increasing,50.0
webgpu,0.16,0.46,0.54,0.25,0.47,0.25,0.16,0.37,0.35,0.31,0.12,0.64,0.38,0.37,0.43,0.12,0.25,0.33,0.23,0.3,0.324,0.12,0.64,0.139,Increasing,87.5
windicss,0.0,0.0,0.0,0.0,0.0,0.0,0.0,0.0,0.0,0.0,0.0,0.0,0.0,0.0,0.0,0.006514657980456,0.0260586319218241,1.0,0.9055374592833876,0.2442996742671009,0.321,0.12,0.63,0.128,Stable,-3.23
wixvelo,0.27,0.6,0.39,0.43,0.36,0.26,0.26,0.32,0.16,0.39,0.29,0.56,0.33,0.27,0.81,0.23,0.34,0.53,0.22,0.28,0.365,0.16,0.81,0.156,Stable,3.7
allennlp,0.0,0.0,0.0,0.0,0.0,0.0,0.0,0.0,0.0,0.0,0.0,0.0,0.0,0.0606060606060606,0.3575757575757576,1.0,0.6181818181818182,0.4787878787878787,0.1818181818181818,0.0606060606060606,0.39,0.16,0.63,0.13,Decreasing,-47.37
altair,0.0,0.0,0.0,0.0,0.0,0.0,0.0025188916876574,0.0100755667506297,0.017632241813602,0.0125944584382871,0.1158690176322418,0.0629722921914357,0.1360201511335012,0.1939546599496221,0.4483627204030226,0.4836272040302267,0.7632241813602015,0.8614609571788413,1.0,0.9345088161209067,0.305,0.14,0.49,0.103,Stable,6.67
automl,0.0,0.0,0.0,0.0,0.0,0.0,0.0,0.0010706638115631,0.0010706638115631,0.0021413276231263,0.0010706638115631,0.025695931477516,0.025695931477516,0.0685224839400428,0.2794432548179871,0.5856531049250535,0.9036402569593148,0.9507494646680942,0.961456102783726,1.0,0.38,0.17,0.64,0.163,Stable,4.55
bert,0.52,0.34,0.47,0.68,0.33,0.43,0.52,0.26,0.44,0.18,0.39,0.39,0.25,0.53,0.78,0.23,0.24,0.53,0.3,0.26,0.404,0.18,0.78,0.158,Decreasing,-50.0
bigml,0.0,0.0,0.0,0.0,0.0,0.0,0.0,0.0,0.6,0.4,0.85,0.95,0.75,0.7,0.5,0.7,0.55,1.0,0.7,0.45,0.352,0.13,0.69,0.171,Stable,0.0
bokeh,0.15,0.37,0.49,0.29,0.37,0.23,0.36,0.3,0.54,0.36,0.32,0.29,0.33,0.35,0.41,0.56,0.45,0.45,0.41,0.23,0.363,0.15,0.56,0.104,Stable,53.33
cartopy,0.41,0.23,0.5,0.25,0.26,0.24,0.16,0.46,0.21,0.2,0.23,0.35,0.26,0.3,0.39,0.32,0.57,0.34,0.17,0.3,0.308,0.16,0.57,0.111,Decreasing,-26.83
catboost,0.38,0.17,0.13,0.42,0.44,0.53,0.31,0.26,0.39,0.37,0.19,0.19,0.42,0.65,0.15,0.41,0.26,0.43,0.24,0.26,0.33,0.13,0.65,0.137,Decreasing,-31.58
clearml,0.0,0.0,0.0,0.0,0.0,0.0,0.0,0.0,0.0,0.0,0.0,0.0,0.0,0.0,0.0,0.0823529411764705,0.0823529411764705,0.4941176470588235,0.7411764705882353,1.0,0.359,0.11,0.72,0.126,Increasing,40.0
cntk,0.4,0.42,0.36,0.28,0.19,0.42,0.44,0.27,0.53,0.7,0.43,0.24,0.2,0.32,0.39,0.13,0.41,0.2,0.52,0.4,0.363,0.13,0.7,0.137,Stable,0.0
cudf,0.47,0.38,0.29,0.48,0.55,0.57,0.19,0.53,0.45,0.57,0.6,0.22,0.44,0.27,0.18,0.31,0.5,0.48,0.43,0.36,0.413,0.18,0.6,0.132,Decreasing,-23.4
d-wave,0.39,0.26,0.27,0.19,0.41,0.2,0.33,0.34,0.26,0.81,0.24,0.59,0.43,0.66,0.61,0.61,0.33,0.54,0.13,0.41,0.4,0.13,0.81,0.183,Stable,5.13
dash,0.26,0.2,0.16,0.37,0.57,0.25,0.39,0.68,0.23,0.4,0.41,0.57,0.49,0.51,0.14,0.27,0.56,0.24,0.45,0.53,0.384,0.14,0.68,0.158,Increasing,103.85
datafusion,0.2,0.3,0.41,0.18,0.37,0.26,0.33,0.23,0.47,0.39,0.29,0.3,0.46,0.51,0.27,0.4,0.22,0.31,0.27,0.44,0.33,0.18,0.51,0.096,Increasing,120.0
dataiku,0.0,0.0,0.0,0.0,0.0,0.0,0.0,0.0,0.0,0.0209790209790209,0.0209790209790209,0.0629370629370629,0.1678321678321678,0.1748251748251748,0.2307692307692307,0.5104895104895105,0.8321678321678322,0.6993006993006993,0.8881118881118881,1.0,0.359,0.11,0.73,0.165,Increasing,175.0
datarobot,0.45,0.32,0.34,0.17,0.37,0.36,0.2,0.67,0.35,0.57,0.27,0.4,0.54,0.34,0.24,0.66,0.4,0.24,0.39,0.16,0.372,0.16,0.67,0.147,Decreasing,-64.44
datavisualization,0.3,0.29,0.29,0.34,0.37,0.26,0.35,0.36,0.21,0.24,0.26,0.3,0.59,0.64,0.28,0.4,0.29,0.44,0.53,0.25,0.35,0.21,0.64,0.118,Stable,-16.67
datashader,0.25,0.32,0.31,0.37,0.26,0.4,0.39,0.38,0.3,0.22,0.46,0.28,0.38,0.54,0.46,0.25,0.14,0.45,0.55,0.35,0.353,0.14,0.55,0.106,Stable,40.0
datatable,0.16,0.31,0.43,0.13,0.28,0.44,0.46,0.31,0.43,0.58,0.15,0.32,0.41,0.31,0.33,0.28,0.25,0.59,0.39,0.46,0.351,0.13,0.59,0.128,Increasing,187.5
deeplearning,0.29,0.58,0.29,0.33,0.32,0.8,0.22,0.13,0.2,0.47,0.36,0.14,0.26,0.39,0.51,0.35,0.26,0.33,0.36,0.42,0.35,0.13,0.8,0.155,Increasing,44.83
dvc,0.42,0.45,0.4,0.17,0.57,0.54,0.46,0.17,0.4,0.21,0.19,0.32,0.19,0.69,0.38,0.15,0.35,0.49,0.31,0.26,0.356,0.15,0.69,0.152,Decreasing,-38.1
edgeai,0.0,0.0,0.0,0.0,0.0,0.0,0.0,0.0,0.0,0.0158730158730158,0.0,0.0,0.0,0.0,0.0634920634920634,0.1269841269841269,0.5714285714285714,0.8571428571428571,0.6031746031746031,1.0,0.346,0.15,0.69,0.135,Decreasing,-53.85
evidently,0.22,0.28,0.26,0.51,0.29,0.33,0.2,0.29,0.24,0.25,0.45,0.22,0.41,0.52,0.14,0.25,0.34,0.36,0.52,0.35,0.322,0.14,0.52,0.111,Increasing,59.09
faiss,0.0,0.0,0.0,0.0,0.0,0.0,0.0,0.0,0.0,0.0,0.0,0.0,0.0,0.0430711610486891,0.0880149812734082,0.1385767790262172,0.149812734082397,0.245318352059925,0.2303370786516854,1.0,0.33,0.14,0.57,0.108,Decreasing,-36.67
feast,0.22,0.36,0.43,0.51,0.18,0.51,0.31,0.85,0.53,0.43,0.23,0.36,0.54,0.66,0.27,0.19,0.42,0.39,0.12,0.33,0.392,0.12,0.85,0.177,Increasing,50.0
geopandas,0.16,0.23,0.41,0.3,0.82,0.29,0.44,0.2,0.44,0.49,0.17,0.58,0.15,0.27,0.18,0.28,0.21,0.39,0.53,0.29,0.342,0.15,0.82,0.172,Increasing,81.25
gpt,0.62,0.27,0.11,0.48,0.46,0.29,0.59,0.28,0.39,0.33,0.12,0.32,0.45,0.32,0.4,0.16,0.45,0.21,0.15,0.19,0.33,0.11,0.62,0.149,Decreasing,-69.35
greatexpectations,0.25,0.61,0.43,0.23,0.21,0.23,0.46,0.12,0.79,0.29,0.17,0.34,0.2,0.32,0.27,0.4,0.65,0.24,0.28,0.47,0.348,0.12,0.79,0.175,Increasing,88.0
h2o.ai,0.0,0.0,0.0,0.0,0.0,0.0,0.0,0.0,0.0,0.0,0.0714285714285714,0.1071428571428571,0.2142857142857142,0.4642857142857143,0.8214285714285714,0.8928571428571429,1.0,0.5714285714285714,0.6785714285714286,0.8214285714285714,0.39,0.13,0.64,0.152,Stable,-7.41
haystack,0.3,0.29,0.13,0.21,0.25,0.21,0.34,0.46,0.32,0.33,0.5,0.34,0.15,0.39,0.5,0.18,0.21,0.34,0.14,0.33,0.296,0.13,0.5,0.112,Stable,10.0
jax,0.44,0.27,0.47,0.78,0.24,0.34,0.74,0.32,0.3,0.21,0.43,0.39,0.4,0.42,0.37,0.29,0.35,0.47,0.29,0.26,0.389,0.21,0.78,0.148,Decreasing,-40.91
keras,0.45,0.45,0.36,0.13,0.38,0.29,0.21,0.44,0.47,0.57,0.14,0.33,0.73,0.18,0.12,0.25,0.49,0.16,0.21,0.5,0.343,0.12,0.73,0.169,Stable,11.11
koalas,0.36,0.15,0.66,0.18,0.14,0.35,0.52,0.57,0.4,0.3,0.33,0.15,0.29,0.37,0.48,0.28,0.34,0.31,0.31,0.39,0.344,0.14,0.66,0.138,Stable,8.33
langchain,0.0,0.0,0.0,0.0,0.0,0.0,0.0,0.0,0.0,0.0,0.0,0.0,0.0003087849312953,7.71962328238382e-05,0.000463177396943,0.0005403736297668,0.0006175698625907,0.0012351397251814,0.0033966342442488,1.0,0.323,0.15,0.6,0.128,Decreasing,-42.86
lightgbm,0.43,0.25,0.43,0.57,0.39,0.44,0.71,0.19,0.23,0.27,0.25,0.23,0.5,0.37,0.33,0.27,0.33,0.29,0.44,0.46,0.369,0.19,0.71,0.131,Stable,6.98
machinelearning,0.49,0.41,0.29,0.32,0.26,0.35,0.33,0.35,0.18,0.46,0.39,0.12,0.44,0.62,0.38,0.21,0.46,0.13,0.24,0.26,0.334,0.12,0.62,0.128,Decreasing,-46.94
matplotlib,0.15,0.16,0.55,0.25,0.43,0.4,0.32,0.39,0.21,0.21,0.58,0.22,0.26,0.44,0.2,0.46,0.29,0.33,0.51,0.75,0.356,0.15,0.75,0.16,Increasing,400.0
mediapipe,0.24,0.46,0.33,0.45,0.33,0.4,0.38,0.41,0.25,0.57,0.59,0.48,0.37,0.24,0.31,0.16,0.41,0.26,0.53,0.34,0.376,0.16,0.59,0.116,Increasing,41.67
mlflow,0.0,0.0,0.0,0.0,0.0,0.0,0.0,0.0,0.0,0.0,0.0,0.0,0.0011857707509881,0.0023715415019762,0.0320158102766798,0.1150197628458498,0.2450592885375494,0.3533596837944664,0.6541501976284585,1.0,0.441,0.2,0.76,0.186,Decreasing,-36.11
mxnet,0.14,0.4,0.17,0.28,0.44,0.39,0.32,0.72,0.26,0.46,0.28,0.41,0.45,0.58,0.17,0.18,0.28,0.39,0.35,0.65,0.366,0.14,0.72,0.158,Increasing,364.29
networkx,0.0,0.0,0.0,0.0,0.0,0.0016474464579901,0.0115321252059308,0.0098846787479406,0.0214168039538715,0.0757825370675453,0.0741350906095551,0.1499176276771004,0.1647446457990115,0.3163097199341021,0.5749588138385503,0.7924217462932455,1.0,0.642504118616145,0.7446457990115322,0.8731466227347611,0.32,0.15,0.52,0.103,Stable,22.22
neptune.ai,0.0,0.0,0.0,0.0,0.0,0.0,0.0,0.0,0.0,0.0,0.0,0.0,0.0,0.0,0.0769230769230769,0.2307692307692307,0.3846153846153846,0.7692307692307693,0.6153846153846154,1.0,0.375,0.13,0.79,0.174,Decreasing,-55.88
nltk,0.39,0.38,0.45,0.25,0.27,0.38,0.3,0.23,0.32,0.42,0.35,0.25,0.42,0.16,0.17,0.35,0.15,0.32,0.53,0.21,0.315,0.15,0.53,0.104,Decreasing,-46.15
numpy,0.53,0.24,0.58,0.18,0.19,0.16,0.43,0.53,0.55,0.18,0.38,0.56,0.29,0.48,0.4,0.41,0.18,0.42,0.28,0.4,0.368,0.16,0.58,0.145,Decreasing,-24.53
onnx,0.39,0.24,0.38,0.26,0.53,0.22,0.21,0.24,0.45,0.41,0.21,0.61,0.64,0.56,0.31,0.47,0.6,0.39,0.71,0.37,0.41,0.21,0.71,0.157,Stable,-5.13
opencv,0.54,0.54,0.15,0.41,0.31,0.38,0.25,0.48,0.41,0.28,0.28,0.37,0.35,0.17,0.22,0.13,0.22,0.14,0.24,0.19,0.303,0.13,0.54,0.128,Decreasing,-64.81
pandas,0.27,0.14,0.24,0.34,0.2,0.31,0.44,0.41,0.48,0.28,0.38,0.38,0.42,0.41,0.15,0.16,0.81,0.22,0.68,0.43,0.358,0.14,0.81,0.17,Increasing,59.26
panel,0.13,0.55,0.19,0.3,0.38,0.35,0.23,0.27,0.2,0.21,0.37,0.2,0.52,0.4,0.2,0.21,0.16,0.27,0.43,0.43,0.3,0.13,0.55,0.122,Increasing,230.77
pinecone,0.49,0.21,0.69,0.22,0.36,0.15,0.19,0.37,0.43,0.3,0.46,0.34,0.31,0.37,0.29,0.43,0.14,0.24,0.29,0.29,0.328,0.14,0.69,0.131,Decreasing,-40.82
plotly,0.3,0.44,0.31,0.23,0.33,0.4,0.38,0.33,0.24,0.4,0.46,0.34,0.42,0.53,0.33,0.29,0.26,0.35,0.4,0.72,0.373,0.23,0.72,0.111,Increasing,140.0
polars,0.21,0.39,0.28,0.41,0.43,0.17,0.73,0.27,0.55,0.18,0.2,0.22,0.41,0.16,0.26,0.35,0.33,0.29,0.36,0.26,0.323,0.16,0.73,0.14,Stable,23.81
pytorch,0.0,0.0,0.0,0.0,0.0,0.0,4.233341800016933e-05,0.0,8.466683600033866e-05,8.466683600033866e-05,0.0002116670900008,0.0005926678520023,0.0038523410380154,0.1419862839725679,0.4504699009398019,0.7356701380069427,0.9824316315299296,0.9114384895436456,0.9102108204216408,1.0,0.353,0.16,0.66,0.153,Decreasing,-37.7
qiskit,0.22,0.25,0.43,0.32,0.52,0.26,0.4,0.44,0.26,0.36,0.27,0.39,0.22,0.2,0.3,0.34,0.25,0.38,0.2,0.21,0.311,0.2,0.52,0.093,Stable,-4.55
quantumcomputing,0.27,0.48,0.33,0.11,0.4,0.37,0.44,0.28,0.59,0.12,0.36,0.42,0.17,0.39,0.35,0.65,0.6,0.24,0.14,0.22,0.346,0.11,0.65,0.158,Stable,-18.52
rag,0.35,0.3,0.4,0.26,0.19,0.22,0.25,0.27,0.42,0.15,0.19,0.34,0.35,0.29,0.5,0.52,0.51,0.47,0.5,0.23,0.336,0.15,0.52,0.119,Decreasing,-34.29
raphtory,0.33,0.77,0.48,0.57,0.43,0.13,0.2,0.27,0.3,0.22,0.2,0.43,0.36,0.43,0.4,0.49,0.29,0.52,0.47,0.41,0.385,0.13,0.77,0.15,Stable,24.24
rapids.ai,0.0,0.0,0.0,0.0,0.0,0.0,0.0,0.0,0.0,0.0,0.0,0.0,0.0,0.0,0.5,1.0,0.6,0.1,0.7,0.8,0.31,0.1,0.61,0.123,Stable,8.0
reinforcementlearning,0.45,0.25,0.39,0.52,0.8,0.3,0.28,0.54,0.63,0.39,0.26,0.45,0.39,0.18,0.39,0.55,0.3,0.36,0.29,0.3,0.401,0.18,0.8,0.149,Decreasing,-33.33
roberta,0.22,0.19,0.38,0.5,0.26,0.15,0.45,0.27,0.31,0.41,0.6,0.25,0.13,0.57,0.45,0.39,0.25,0.38,0.54,0.42,0.356,0.13,0.6,0.139,Increasing,90.91
scikit-learn,0.52,0.24,0.5,0.35,0.2,0.7,0.2,0.34,0.14,0.38,0.17,0.5,0.32,0.39,0.4,0.56,0.47,0.33,0.49,0.2,0.37,0.14,0.7,0.15,Decreasing,-61.54
seaborn,0.65,0.33,0.51,0.51,0.25,0.33,0.59,0.56,0.3,0.4,0.68,0.29,0.45,0.23,0.53,0.57,0.28,0.34,0.18,0.28,0.413,0.18,0.68,0.151,Decreasing,-56.92
sentence-bert,0.38,0.73,0.26,0.25,0.3,0.24,0.31,0.31,0.44,0.24,0.22,0.42,0.2,0.26,0.19,0.18,0.43,0.2,0.49,0.47,0.326,0.18,0.73,0.138,Stable,23.68
spacy,0.38,0.25,0.16,0.54,0.3,0.49,0.32,0.24,0.28,0.34,0.45,0.35,0.42,0.66,0.19,0.38,0.33,0.16,0.45,0.65,0.367,0.16,0.66,0.144,Increasing,71.05
stanza,0.22,0.13,0.34,0.27,0.42,0.3,0.34,0.32,0.19,0.37,0.68,0.22,0.3,0.34,0.6,0.45,0.51,0.8,0.37,0.48,0.382,0.13,0.8,0.167,Increasing,118.18
t5,0.75,0.27,0.42,0.49,0.16,0.43,0.34,0.43,0.35,0.43,0.24,0.59,0.37,0.31,0.37,0.36,0.4,0.33,0.19,0.32,0.378,0.16,0.75,0.132,Decreasing,-57.33
tensorflow,0.21,0.35,0.56,0.45,0.22,0.2,0.44,0.26,0.25,0.14,0.42,0.32,0.42,0.54,0.45,0.5,0.45,0.29,0.16,0.44,0.354,0.14,0.56,0.13,Increasing,109.52
theano,0.36,0.55,0.2,0.32,0.34,0.5,0.34,0.34,0.48,0.31,0.25,0.37,0.34,0.22,0.27,0.42,0.32,0.31,0.38,0.42,0.352,0.2,0.55,0.089,Stable,16.67
tinyml,0.0,0.0,0.0,0.0,0.0,0.0,0.0,0.0,0.0024691358024691,0.0,0.0,0.0,0.0049382716049382,0.0098765432098765,0.0148148148148148,0.0444444444444444,0.3061728395061728,0.7308641975308642,0.9333333333333332,1.0,0.357,0.12,0.56,0.139,Decreasing,-21.43
tpot,0.24,0.29,0.22,0.61,0.45,0.33,0.39,0.41,0.58,0.22,0.44,0.51,0.41,0.34,0.51,0.26,0.24,0.18,0.22,0.34,0.36,0.18,0.61,0.128,Increasing,41.67
transformers,0.33,0.26,0.15,0.43,0.22,0.33,0.29,0.14,0.51,0.25,0.43,0.53,0.48,0.41,0.18,0.15,0.46,0.31,0.65,0.23,0.337,0.14,0.65,0.145,Stable,-30.3
vaex,0.23,0.46,0.39,0.34,0.26,0.55,0.35,0.5,0.16,0.2,0.15,0.26,0.14,0.69,0.61,0.43,0.17,0.23,0.53,0.37,0.351,0.14,0.69,0.165,Increasing,60.87
weights&biases,0.45,0.34,0.36,0.39,0.18,0.36,0.26,0.24,0.21,0.59,0.22,0.26,0.56,0.14,0.25,0.42,0.42,0.16,0.19,0.75,0.338,0.14,0.75,0.161,Increasing,66.67
whylogs,0.52,0.46,0.42,0.16,0.17,0.38,0.36,0.25,0.31,0.22,0.16,0.32,0.34,0.38,0.21,0.26,0.42,0.48,0.17,0.46,0.322,0.16,0.52,0.117,Stable,-11.54
xgboost,0.22,0.19,0.22,0.23,0.52,0.47,0.21,0.36,0.58,0.26,0.31,0.54,0.24,0.25,0.46,0.35,0.64,0.5,0.34,0.34,0.361,0.19,0.64,0.14,Increasing,54.55
ansible,0.0,0.0,0.0,0.0,3.051850947599719e-05,3.051850947599719e-05,9.155552842799158e-05,0.0003357036042359,0.0029908139286477,0.032380138554033,0.1594286935026093,0.3017059846797082,0.4814600054933317,0.6141544846949675,0.7162694174016541,0.7284157841731009,0.838068788720359,0.8426770836512345,0.8939481795709098,1.0,0.396,0.15,0.68,0.155,Increasing,253.33
argocd,0.12,0.42,0.24,0.61,0.24,0.29,0.27,0.7,0.28,0.2,0.62,0.44,0.25,0.55,0.23,0.49,0.21,0.31,0.47,0.16,0.355,0.12,0.7,0.169,Stable,33.33
azure,0.0,0.0,0.0,0.0,4.04498017959712e-05,0.0001213494053879,0.0005258474233476,0.0028719359275139,0.0113461694037699,0.0222069411859881,0.0358587492921284,0.0788973384030418,0.1491788690235417,0.2694765795647601,0.3559784807054445,0.4709974921122886,0.6906803656662083,0.7774451905185664,0.8334681660059866,1.0,0.331,0.14,0.51,0.121,Stable,25.0
aws,0.0,0.0,0.0,0.0,0.0001469318787077,0.0005969107572501,0.001065256120631,0.0029753705438316,0.0074200598747405,0.0168696163241317,0.0280456223483387,0.0619226036328907,0.1169945084210333,0.217440814002608,0.3451429830844674,0.3965415909049167,0.5786636545631532,0.609666280970485,0.7704832222161001,1.0,0.381,0.21,0.76,0.162,Increasing,32.35
bashscripting,0.0,0.0,0.0,0.0,0.0,0.0045045045045045,0.0,0.018018018018018,0.0315315315315315,0.0405405405405405,0.045045045045045,0.0765765765765765,0.1351351351351351,0.2162162162162162,0.1846846846846846,0.2837837837837837,0.3873873873873873,0.3963963963963964,0.6936936936936937,1.0,0.4,0.15,0.69,0.15,Stable,-10.34
buddy,0.38,0.52,0.25,0.48,0.52,0.45,0.64,0.31,0.21,0.24,0.66,0.29,0.22,0.17,0.32,0.35,0.32,0.26,0.67,0.26,0.376,0.17,0.67,0.157,Decreasing,-31.58
buildkit,0.33,0.59,0.22,0.29,0.49,0.26,0.38,0.6,0.46,0.16,0.27,0.34,0.41,0.16,0.52,0.46,0.11,0.54,0.39,0.19,0.359,0.11,0.6,0.149,Decreasing,-42.42
buildpacks,0.46,0.22,0.26,0.47,0.37,0.26,0.4,0.69,0.57,0.57,0.21,0.37,0.45,0.18,0.34,0.43,0.64,0.3,0.48,0.43,0.405,0.18,0.69,0.143,Stable,-6.52
calico,0.43,0.37,0.25,0.5,0.32,0.23,0.23,0.4,0.47,0.31,0.31,0.61,0.41,0.48,0.55,0.58,0.4,0.21,0.16,0.31,0.376,0.16,0.61,0.129,Decreasing,-27.91
chef,0.3,0.56,0.27,0.34,0.7,0.39,0.34,0.18,0.34,0.28,0.18,0.52,0.3,0.34,0.15,0.77,0.21,0.47,0.74,0.46,0.392,0.15,0.77,0.185,Increasing,53.33
cilium,0.18,0.46,0.3,0.48,0.19,0.25,0.27,0.18,0.39,0.33,0.28,0.15,0.26,0.55,0.34,0.14,0.26,0.75,0.46,0.37,0.33,0.14,0.75,0.153,Increasing,105.56
circleci,0.48,0.36,0.4,0.24,0.57,0.56,0.43,0.38,0.27,0.47,0.14,0.35,0.44,0.29,0.2,0.32,0.33,0.35,0.2,0.42,0.36,0.14,0.57,0.116,Stable,-12.5
cloudnativebuildpacks,0.38,0.39,0.51,0.52,0.29,0.79,0.33,0.41,0.44,0.63,0.23,0.21,0.28,0.55,0.44,0.17,0.23,0.51,0.36,0.38,0.403,0.17,0.79,0.154,Stable,0.0
cloudformation,0.18,0.22,0.37,0.18,0.27,0.23,0.6,0.56,0.43,0.17,0.27,0.55,0.29,0.2,0.3,0.25,0.25,0.34,0.32,0.41,0.32,0.17,0.6,0.13,Increasing,127.78
crossplane,0.39,0.28,0.32,0.52,0.18,0.3,0.59,0.36,0.4,0.68,0.54,0.49,0.28,0.48,0.41,0.18,0.35,0.46,0.56,0.17,0.397,0.17,0.68,0.143,Decreasing,-56.41
datadog,0.26,0.32,0.14,0.52,0.29,0.44,0.38,0.32,0.28,0.18,0.35,0.25,0.5,0.54,0.17,0.34,0.57,0.35,0.49,0.24,0.347,0.14,0.57,0.128,Stable,-7.69
devspace,0.57,0.31,0.68,0.41,0.18,0.39,0.12,0.38,0.33,0.56,0.28,0.38,0.46,0.34,0.33,0.42,0.52,0.75,0.15,0.38,0.397,0.12,0.75,0.162,Decreasing,-33.33
docker,0.0,0.0,0.0,0.0,6.546216286986122e-06,3.273108143493061e-05,5.2369730295888974e-05,0.0001374705420267,0.0003993191935061,0.0114689709347996,0.1048376538360827,0.238675045823514,0.3824299554857292,0.5095312909138517,0.6150562974600681,0.7318538884524745,0.8633935585231736,0.8059570568211574,0.8850877192982456,1.0,0.314,0.12,0.59,0.129,Stable,0.0
drone,0.49,0.21,0.36,0.27,0.33,0.39,0.32,0.28,0.38,0.35,0.66,0.48,0.44,0.22,0.26,0.31,0.2,0.42,0.42,0.58,0.368,0.2,0.66,0.121,Stable,18.37
earthly,0.61,0.56,0.59,0.47,0.44,0.43,0.26,0.66,0.3,0.24,0.22,0.32,0.16,0.24,0.28,0.33,0.26,0.13,0.32,0.37,0.36,0.13,0.66,0.153,Decreasing,-39.34
elk,0.28,0.34,0.27,0.15,0.3,0.45,0.53,0.38,0.28,0.31,0.13,0.3,0.34,0.43,0.41,0.34,0.43,0.29,0.5,0.55,0.35,0.13,0.55,0.112,Increasing,96.43
fluentd,0.34,0.31,0.32,0.26,0.42,0.58,0.17,0.18,0.8,0.48,0.51,0.37,0.46,0.69,0.55,0.19,0.24,0.32,0.44,0.18,0.391,0.17,0.8,0.176,Decreasing,-47.06
githubactions,0.0,0.0,0.0,0.0,0.0,0.0,0.0,0.0,0.0003410641200545,0.0,0.0,0.0003410641200545,0.0006821282401091,0.0003410641200545,0.0047748976807639,0.0484311050477489,0.2268076398362892,0.4010914051841746,0.652455661664393,1.0,0.373,0.13,0.63,0.142,Increasing,53.66
gitlabci,0.0,0.0,0.0,0.0,0.0,0.0,0.0,0.0,0.0,0.0641025641025641,0.0384615384615384,0.0384615384615384,0.2435897435897435,0.3717948717948718,0.8076923076923077,0.8974358974358975,1.0,0.8461538461538461,0.8461538461538461,0.8717948717948718,0.327,0.13,0.52,0.117,Decreasing,-36.84
gitops,0.0,0.0,0.0,0.0,0.0,0.0,0.0,0.0,0.0,0.0,0.0002254791431792,0.0002254791431792,0.0007891770011273,0.0021420518602029,0.0183765501691093,0.0829763246899661,0.1994363021420518,0.3956031567080045,0.7112739571589628,1.0,0.303,0.15,0.55,0.132,Stable,-11.76
grafana,0.28,0.25,0.35,0.36,0.45,0.3,0.4,0.26,0.33,0.4,0.36,0.18,0.5,0.39,0.43,0.59,0.65,0.21,0.26,0.21,0.358,0.18,0.65,0.124,Stable,-25.0
harbor,0.52,0.28,0.61,0.35,0.25,0.38,0.32,0.66,0.47,0.24,0.49,0.43,0.35,0.33,0.45,0.44,0.56,0.25,0.25,0.67,0.415,0.24,0.67,0.138,Increasing,28.85
helm,0.3,0.45,0.3,0.18,0.44,0.17,0.44,0.46,0.22,0.35,0.48,0.16,0.37,0.43,0.22,0.18,0.55,0.23,0.31,0.32,0.328,0.16,0.55,0.12,Stable,6.67
istio,0.61,0.39,0.31,0.31,0.12,0.32,0.16,0.22,0.15,0.42,0.41,0.43,0.47,0.4,0.36,0.46,0.46,0.5,0.27,0.36,0.357,0.12,0.61,0.126,Decreasing,-40.98
jenkins,0.0,0.0,0.0,0.0,1.768377866982617e-05,8.841889334913084e-05,0.0069674087959115,0.0100267025057914,0.0184441811526286,0.0307697748854975,0.0495145802755132,0.0858901129993457,0.1494456135387009,0.2798281136713293,0.4179914764186811,0.4863923323135687,0.5843074148083962,0.6914180622115333,0.8428796265185945,1.0,0.364,0.14,0.65,0.15,Decreasing,-39.22
kibana,0.31,0.56,0.31,0.49,0.3,0.81,0.47,0.26,0.24,0.22,0.22,0.25,0.23,0.51,0.65,0.14,0.64,0.77,0.38,0.37,0.406,0.14,0.81,0.196,Stable,19.35
knative,0.27,0.37,0.31,0.59,0.44,0.38,0.49,0.13,0.2,0.21,0.12,0.57,0.29,0.41,0.31,0.23,0.25,0.27,0.25,0.54,0.332,0.12,0.59,0.139,Increasing,100.0
kubernetes,0.0,0.0,0.0,0.0,0.0,7.200720072007201e-05,3.6003600360036005e-05,0.0002520252025202,0.0002160216021602,0.0008280828082808,0.0061926192619261,0.0333753375337533,0.0999819981998199,0.2368676867686768,0.481008100810081,0.670927092709271,0.857965796579658,0.8267506750675068,0.9138433843384338,1.0,0.377,0.12,0.79,0.172,Increasing,90.0
kustomize,0.21,0.22,0.47,0.13,0.15,0.42,0.23,0.33,0.64,0.39,0.28,0.33,0.38,0.54,0.37,0.28,0.5,0.4,0.37,0.57,0.361,0.13,0.64,0.138,Increasing,171.43
linkerd,0.3,0.5,0.23,0.71,0.82,0.16,0.27,0.19,0.28,0.27,0.53,0.48,0.45,0.48,0.33,0.29,0.25,0.39,0.36,0.4,0.384,0.16,0.82,0.169,Stable,33.33
logstash,0.26,0.33,0.35,0.44,0.26,0.28,0.47,0.34,0.25,0.61,0.17,0.13,0.44,0.36,0.26,0.49,0.33,0.58,0.54,0.27,0.358,0.13,0.61,0.132,Stable,3.85
longhorn,0.31,0.25,0.53,0.29,0.58,0.39,0.37,0.18,0.29,0.19,0.36,0.61,0.39,0.42,0.36,0.55,0.33,0.5,0.15,0.37,0.371,0.15,0.61,0.132,Stable,19.35
minikube,0.49,0.17,0.43,0.31,0.22,0.44,0.29,0.51,0.19,0.38,0.24,0.17,0.15,0.29,0.17,0.45,0.53,0.21,0.31,0.2,0.308,0.15,0.53,0.128,Decreasing,-59.18
newrelic,0.37,0.31,0.37,0.41,0.35,0.58,0.62,0.44,0.29,0.61,0.34,0.23,0.17,0.63,0.33,0.22,0.33,0.37,0.14,0.28,0.37,0.14,0.63,0.144,Stable,-24.32
nixops,0.47,0.54,0.41,0.22,0.33,0.16,0.18,0.45,0.58,0.14,0.42,0.12,0.46,0.3,0.41,0.25,0.28,0.39,0.14,0.36,0.33,0.12,0.58,0.14,Decreasing,-23.4
openshift,0.31,0.25,0.2,0.21,0.23,0.34,0.28,0.36,0.21,0.2,0.46,0.38,0.47,0.25,0.76,0.34,0.53,0.14,0.43,0.33,0.334,0.14,0.76,0.145,Stable,6.45
opentelemetry,0.38,0.17,0.3,0.33,0.32,0.26,0.42,0.41,0.21,0.17,0.3,0.18,0.33,0.27,0.23,0.61,0.65,0.28,0.38,0.36,0.328,0.17,0.65,0.128,Stable,-5.26
portainer,0.3,0.27,0.24,0.72,0.19,0.45,0.4,0.3,0.45,0.27,0.21,0.45,0.33,0.52,0.32,0.47,0.61,0.2,0.25,0.53,0.374,0.19,0.72,0.147,Increasing,76.67
prometheus,0.31,0.25,0.37,0.46,0.64,0.2,0.42,0.47,0.48,0.18,0.3,0.36,0.16,0.43,0.54,0.24,0.17,0.37,0.28,0.26,0.344,0.16,0.64,0.133,Stable,-16.13
pulumi,0.64,0.35,0.58,0.21,0.35,0.18,0.31,0.46,0.54,0.21,0.6,0.16,0.22,0.18,0.31,0.29,0.49,0.15,0.3,0.44,0.348,0.15,0.64,0.158,Decreasing,-31.25
puppet,0.27,0.22,0.22,0.11,0.32,0.35,0.37,0.37,0.14,0.56,0.35,0.36,0.43,0.42,0.28,0.6,0.17,0.19,0.16,0.35,0.312,0.11,0.6,0.132,Stable,29.63
rancher,0.4,0.24,0.34,0.21,0.19,0.14,0.15,0.57,0.27,0.41,0.15,0.26,0.3,0.27,0.38,0.31,0.54,0.36,0.26,0.58,0.316,0.14,0.58,0.133,Increasing,45.0
saltstack,0.24,0.18,0.25,0.4,0.38,0.51,0.24,0.51,0.47,0.46,0.27,0.46,0.46,0.7,0.21,0.36,0.6,0.23,0.24,0.19,0.368,0.18,0.7,0.15,Stable,-20.83
sentry,0.63,0.41,0.22,0.29,0.18,0.42,0.26,0.21,0.18,0.26,0.38,0.21,0.39,0.16,0.56,0.38,0.35,0.16,0.52,0.62,0.34,0.16,0.63,0.152,Stable,-1.59
skaffold,0.22,0.25,0.39,0.51,0.19,0.33,0.38,0.21,0.53,0.48,0.57,0.29,0.35,0.24,0.62,0.68,0.2,0.4,0.42,0.26,0.376,0.19,0.68,0.149,Stable,18.18
skupper,0.23,0.23,0.2,0.23,0.23,0.27,0.21,0.18,0.48,0.19,0.65,0.28,0.2,0.59,0.53,0.46,0.5,0.43,0.41,0.22,0.336,0.18,0.65,0.153,Stable,-4.35
spinnaker,0.52,0.51,0.4,0.33,0.13,0.34,0.44,0.24,0.18,0.29,0.45,0.39,0.31,0.45,0.28,0.35,0.16,0.33,0.26,0.56,0.346,0.13,0.56,0.12,Stable,7.69
splunk,0.41,0.58,0.42,0.56,0.18,0.33,0.29,0.41,0.27,0.25,0.25,0.26,0.32,0.39,0.43,0.18,0.18,0.27,0.3,0.36,0.332,0.18,0.58,0.114,Stable,-12.2
teamcity,0.3,0.44,0.26,0.22,0.35,0.57,0.4,0.72,0.28,0.5,0.24,0.57,0.34,0.3,0.28,0.17,0.56,0.34,0.27,0.52,0.381,0.17,0.72,0.147,Increasing,73.33
tekton,0.44,0.55,0.35,0.26,0.36,0.58,0.24,0.36,0.4,0.32,0.33,0.48,0.27,0.4,0.36,0.26,0.19,0.16,0.15,0.22,0.334,0.15,0.58,0.12,Decreasing,-50.0
terraform,0.0,0.0,0.0,0.0,0.0,1.4469895382656383e-05,1.4469895382656383e-05,0.0002170484307398,0.0004485667568623,0.0008103141414287,0.0019100261905106,0.0094199018941093,0.0259011127349549,0.0732466104270066,0.1567089669941686,0.2565512451344977,0.4142152252239216,0.5368620584873172,0.7624043178167822,1.0,0.363,0.15,0.71,0.156,Decreasing,-42.42
tilt,0.27,0.3,0.13,0.38,0.42,0.6,0.31,0.44,0.23,0.28,0.26,0.62,0.61,0.56,0.21,0.29,0.56,0.52,0.55,0.27,0.39,0.13,0.62,0.155,Stable,0.0
travisci,0.3,0.19,0.3,0.34,0.45,0.41,0.29,0.42,0.6,0.47,0.16,0.14,0.26,0.3,0.23,0.35,0.28,0.27,0.36,0.17,0.314,0.14,0.6,0.116,Decreasing,-43.33
weave,0.59,0.26,0.64,0.16,0.48,0.25,0.59,0.25,0.26,0.29,0.42,0.47,0.72,0.11,0.22,0.38,0.17,0.47,0.25,0.27,0.362,0.11,0.72,0.175,Decreasing,-54.24
airbyte,0.0,0.0,0.0,0.0,0.0,0.0,0.0,0.0,0.0,0.0,0.0,0.0,0.0,0.0,0.0,0.0026595744680851,0.0079787234042553,0.1914893617021276,0.6702127659574468,1.0,0.352,0.16,0.53,0.128,Stable,8.16
apachepinot,0.4,0.42,0.46,0.3,0.29,0.59,0.34,0.43,0.42,0.65,0.43,0.27,0.24,0.23,0.23,0.27,0.53,0.83,0.62,0.39,0.417,0.23,0.83,0.161,Stable,-2.5
arangodb,0.35,0.31,0.58,0.29,0.25,0.49,0.34,0.29,0.27,0.37,0.4,0.39,0.22,0.44,0.6,0.23,0.77,0.31,0.51,0.33,0.387,0.22,0.77,0.142,Stable,-5.71
beam,0.28,0.14,0.51,0.54,0.32,0.5,0.29,0.3,0.42,0.14,0.56,0.41,0.59,0.48,0.35,0.47,0.27,0.25,0.26,0.29,0.368,0.14,0.59,0.135,Stable,3.57
bigquery,0.28,0.26,0.4,0.62,0.37,0.28,0.44,0.29,0.28,0.33,0.66,0.19,0.17,0.4,0.23,0.15,0.6,0.31,0.29,0.25,0.34,0.15,0.66,0.145,Stable,-10.71
bigtable,0.48,0.17,0.45,0.56,0.47,0.51,0.2,0.46,0.65,0.15,0.18,0.46,0.3,0.34,0.42,0.47,0.42,0.59,0.42,0.35,0.402,0.15,0.65,0.142,Decreasing,-27.08
couchdb,0.19,0.31,0.23,0.21,0.15,0.23,0.57,0.22,0.25,0.24,0.21,0.52,0.3,0.34,0.17,0.17,0.37,0.55,0.5,0.23,0.298,0.15,0.57,0.134,Stable,21.05
cratedb,0.16,0.51,0.31,0.58,0.39,0.56,0.25,0.28,0.29,0.54,0.62,0.31,0.34,0.62,0.25,0.43,0.42,0.34,0.27,0.39,0.393,0.16,0.62,0.137,Increasing,143.75
databricks,0.44,0.2,0.58,0.37,0.29,0.29,0.23,0.68,0.5,0.41,0.49,0.2,0.46,0.35,0.53,0.41,0.41,0.25,0.16,0.46,0.386,0.16,0.68,0.139,Stable,4.55
deltalake,0.26,0.57,0.59,0.28,0.32,0.18,0.5,0.46,0.53,0.24,0.2,0.18,0.24,0.33,0.3,0.41,0.21,0.2,0.32,0.15,0.324,0.15,0.59,0.139,Decreasing,-42.31
dremio,0.52,0.32,0.36,0.33,0.31,0.63,0.16,0.23,0.33,0.65,0.63,0.26,0.29,0.18,0.31,0.35,0.44,0.5,0.34,0.49,0.382,0.16,0.65,0.146,Stable,-5.77
duckdb,0.5,0.42,0.33,0.41,0.23,0.5,0.62,0.39,0.65,0.16,0.17,0.56,0.39,0.26,0.24,0.35,0.48,0.5,0.2,0.27,0.381,0.16,0.65,0.148,Decreasing,-46.0
dynamodb,0.35,0.23,0.23,0.59,0.36,0.43,0.29,0.24,0.16,0.28,0.19,0.4,0.39,0.38,0.47,0.29,0.22,0.4,0.49,0.15,0.327,0.15,0.59,0.118,Decreasing,-57.14
edgedb,0.5,0.33,0.45,0.47,0.38,0.4,0.52,0.7,0.32,0.37,0.3,0.37,0.53,0.45,0.36,0.12,0.59,0.39,0.25,0.36,0.408,0.12,0.7,0.126,Decreasing,-28.0
etl,0.0,0.0,0.0,0.0,0.0001511144692104,0.0010578012844729,0.0010578012844729,0.003551190026445,0.0084624102757839,0.0147336607480166,0.025840574234983,0.0421609369097091,0.0675481677370608,0.1095579901775595,0.1554967888175293,0.3155270117113714,0.4635436343029845,0.5978088401964489,0.7523989421987155,1.0,0.359,0.12,0.57,0.138,Stable,-9.8
flink,0.56,0.53,0.24,0.63,0.26,0.47,0.36,0.22,0.35,0.36,0.27,0.51,0.45,0.61,0.57,0.33,0.15,0.31,0.35,0.23,0.388,0.15,0.63,0.144,Decreasing,-58.93
firebase,0.0,0.0,0.0,0.0,0.0,0.0,0.0,3.134943649387902e-05,0.0006269887298775,0.0064893333542329,0.0176654074643008,0.0391397714626079,0.1351787701616063,0.3112842296659717,0.4377165070457858,0.5043027101587849,0.7738294904149098,0.8817029013903475,0.9412981801652116,1.0,0.335,0.14,0.68,0.143,Decreasing,-50.0
firebolt,0.15,0.3,0.37,0.43,0.14,0.19,0.28,0.26,0.35,0.16,0.14,0.79,0.4,0.19,0.21,0.26,0.2,0.39,0.57,0.19,0.299,0.14,0.79,0.163,Stable,26.67
firestore,0.11,0.35,0.34,0.5,0.22,0.56,0.46,0.56,0.19,0.39,0.73,0.36,0.26,0.37,0.39,0.23,0.27,0.44,0.45,0.19,0.369,0.11,0.73,0.152,Stable,72.73
graphdb,0.5,0.39,0.32,0.47,0.17,0.49,0.4,0.4,0.32,0.25,0.26,0.55,0.47,0.32,0.17,0.29,0.52,0.38,0.21,0.23,0.356,0.17,0.55,0.119,Decreasing,-54.0
hadoop,0.33,0.6,0.16,0.18,0.47,0.55,0.34,0.55,0.31,0.61,0.41,0.61,0.24,0.27,0.38,0.22,0.46,0.42,0.3,0.63,0.402,0.16,0.63,0.153,Increasing,90.91
hbase,0.21,0.25,0.59,0.52,0.25,0.66,0.28,0.21,0.37,0.27,0.36,0.42,0.44,0.46,0.4,0.55,0.16,0.62,0.24,0.46,0.386,0.16,0.66,0.15,Increasing,119.05
hive,0.36,0.24,0.25,0.4,0.36,0.22,0.14,0.2,0.32,0.14,0.36,0.3,0.43,0.52,0.2,0.33,0.19,0.23,0.23,0.37,0.29,0.14,0.52,0.101,Stable,2.78
influxdb,0.32,0.29,0.38,0.28,0.33,0.43,0.32,0.37,0.27,0.24,0.2,0.27,0.28,0.29,0.37,0.48,0.75,0.37,0.38,0.27,0.344,0.2,0.75,0.117,Stable,-15.62
kafka,0.35,0.2,0.62,0.24,0.3,0.33,0.47,0.47,0.22,0.21,0.14,0.32,0.67,0.22,0.47,0.27,0.13,0.44,0.41,0.35,0.342,0.13,0.67,0.149,Stable,0.0
leveldb,0.31,0.43,0.48,0.41,0.19,0.46,0.31,0.15,0.41,0.29,0.25,0.34,0.44,0.3,0.27,0.5,0.39,0.35,0.34,0.5,0.356,0.15,0.5,0.099,Increasing,61.29
lmdb,0.46,0.16,0.64,0.42,0.27,0.29,0.38,0.46,0.27,0.25,0.43,0.49,0.24,0.38,0.27,0.3,0.13,0.18,0.43,0.54,0.35,0.13,0.64,0.135,Stable,17.39
mariadb,0.21,0.62,0.25,0.18,0.53,0.53,0.21,0.42,0.44,0.33,0.26,0.27,0.37,0.43,0.12,0.49,0.2,0.28,0.33,0.33,0.34,0.12,0.62,0.136,Increasing,57.14
materialize,0.32,0.35,0.29,0.43,0.46,0.5,0.14,0.44,0.27,0.22,0.48,0.25,0.24,0.4,0.4,0.15,0.63,0.42,0.42,0.27,0.354,0.14,0.63,0.126,Stable,-15.62
mongodb,0.0,0.0,0.0,0.0,2.482529200749724e-05,0.0012164393083673,0.006417337983938,0.0116430619515162,0.0233605997790549,0.0412099847324454,0.0621873564787805,0.0914687884016235,0.1375197050755309,0.2496058984893809,0.3294812755235033,0.3919292975683626,0.5753757928577635,0.6476049799535767,0.7788190608592034,1.0,0.355,0.15,0.57,0.12,Increasing,48.0
mysql,0.0,0.0,0.0,0.0,0.0010826920614224,0.0033644946854954,0.0064728686682887,0.0128875280859634,0.0266831204815069,0.0471029255969358,0.0718767826583,0.1173032818375496,0.1798782262477153,0.3061806582302059,0.4114695507410038,0.480331094217493,0.6060048662933514,0.6714786313840996,0.8327531811355461,1.0,0.356,0.14,0.61,0.172,Stable,-11.63
neo4j,0.24,0.45,0.22,0.48,0.31,0.31,0.36,0.18,0.24,0.49,0.29,0.37,0.23,0.29,0.24,0.35,0.23,0.27,0.37,0.22,0.307,0.18,0.49,0.09,Stable,-8.33
nifi,0.19,0.39,0.66,0.52,0.45,0.65,0.23,0.39,0.63,0.43,0.4,0.15,0.15,0.48,0.42,0.5,0.18,0.26,0.34,0.32,0.387,0.15,0.66,0.161,Increasing,68.42
opensearch,0.39,0.41,0.27,0.28,0.28,0.46,0.16,0.46,0.17,0.29,0.23,0.32,0.14,0.57,0.33,0.32,0.54,0.3,0.4,0.36,0.334,0.14,0.57,0.118,Stable,-7.69
oracledb,0.38,0.31,0.37,0.68,0.34,0.57,0.53,0.22,0.2,0.36,0.55,0.25,0.57,0.2,0.37,0.4,0.27,0.23,0.22,0.46,0.374,0.2,0.68,0.144,Stable,21.05
pig,0.17,0.48,0.34,0.24,0.35,0.14,0.33,0.15,0.32,0.2,0.3,0.44,0.37,0.46,0.23,0.26,0.35,0.23,0.28,0.61,0.313,0.14,0.61,0.12,Increasing,258.82
planetscale,0.53,0.22,0.38,0.29,0.45,0.14,0.36,0.62,0.25,0.22,0.17,0.1,0.37,0.25,0.27,0.37,0.35,0.36,0.25,0.55,0.325,0.1,0.62,0.137,Stable,3.77
postgresql,0.0,0.0,0.0,0.0,0.0007911642773505,0.0030697173961201,0.0070571853539668,0.0120889901579163,0.0215513149150289,0.0332921927909111,0.0546536282793759,0.0820912054178929,0.1148770530712997,0.1951644039368334,0.2385834994778315,0.3044400139244912,0.4637488528117978,0.5848602803886199,0.7629038893635874,1.0,0.371,0.18,0.63,0.135,Increasing,28.95
presto,0.29,0.16,0.13,0.63,0.32,0.42,0.12,0.46,0.41,0.59,0.38,0.2,0.25,0.42,0.13,0.3,0.5,0.32,0.63,0.19,0.342,0.12,0.63,0.164,Stable,-34.48
pulsar,0.13,0.2,0.41,0.31,0.36,0.46,0.28,0.33,0.58,0.2,0.35,0.3,0.16,0.2,0.33,0.51,0.61,0.48,0.36,0.42,0.349,0.13,0.61,0.135,Increasing,223.08
questdb,0.48,0.58,0.41,0.29,0.31,0.3,0.2,0.38,0.27,0.39,0.32,0.42,0.6,0.59,0.43,0.2,0.21,0.33,0.64,0.7,0.402,0.2,0.7,0.152,Increasing,45.83
redis,0.37,0.24,0.17,0.22,0.35,0.34,0.2,0.35,0.66,0.49,0.19,0.46,0.21,0.36,0.32,0.35,0.17,0.24,0.23,0.23,0.308,0.17,0.66,0.125,Decreasing,-37.84
rethinkdb,0.42,0.21,0.29,0.58,0.34,0.17,0.28,0.49,0.54,0.68,0.25,0.41,0.41,0.51,0.36,0.52,0.31,0.38,0.38,0.34,0.394,0.17,0.68,0.13,Stable,-19.05
rocksdb,0.39,0.38,0.17,0.24,0.42,0.38,0.33,0.35,0.24,0.64,0.13,0.23,0.41,0.5,0.35,0.49,0.67,0.31,0.27,0.52,0.371,0.13,0.67,0.143,Increasing,33.33
singlestore,0.15,0.55,0.48,0.26,0.22,0.21,0.46,0.22,0.55,0.49,0.39,0.21,0.29,0.27,0.19,0.25,0.53,0.39,0.22,0.24,0.329,0.15,0.55,0.136,Stable,60.0
snowflake,0.3,0.27,0.18,0.14,0.25,0.49,0.47,0.21,0.22,0.31,0.29,0.21,0.23,0.34,0.42,0.17,0.45,0.22,0.31,0.54,0.301,0.14,0.54,0.116,Increasing,80.0
spark,0.48,0.71,0.42,0.25,0.49,0.34,0.24,0.56,0.18,0.33,0.2,0.28,0.39,0.37,0.57,0.76,0.37,0.41,0.35,0.31,0.4,0.18,0.76,0.157,Decreasing,-35.42
sqlite,0.0,0.0,0.0,0.0,0.0010449927431059,0.0056313497822931,0.0098113207547169,0.0218867924528301,0.0398258345428156,0.0734978229317852,0.1102467343976777,0.1955878084179971,0.2880116110304789,0.4211320754716981,0.4974746008708273,0.5792743105950653,0.7312046444121916,0.7714368650217707,0.8683889695210449,1.0,0.316,0.14,0.75,0.167,Increasing,122.22
storm,0.32,0.5,0.33,0.33,0.27,0.26,0.27,0.45,0.29,0.17,0.21,0.17,0.21,0.32,0.21,0.36,0.42,0.42,0.37,0.36,0.312,0.17,0.5,0.093,Stable,12.5
surrealdb,0.2,0.36,0.65,0.46,0.63,0.37,0.48,0.27,0.13,0.3,0.24,0.12,0.23,0.28,0.48,0.56,0.12,0.29,0.58,0.43,0.359,0.12,0.65,0.168,Increasing,115.0
timescale,0.45,0.28,0.12,0.27,0.13,0.26,0.46,0.14,0.2,0.47,0.25,0.16,0.28,0.45,0.16,0.29,0.54,0.32,0.48,0.24,0.298,0.12,0.54,0.133,Decreasing,-46.67
timescaledb,0.33,0.42,0.48,0.29,0.33,0.23,0.2,0.46,0.15,0.47,0.58,0.22,0.16,0.28,0.5,0.37,0.45,0.16,0.15,0.22,0.323,0.15,0.58,0.136,Decreasing,-33.33
trino,0.45,0.18,0.41,0.2,0.32,0.3,0.36,0.42,0.67,0.5,0.26,0.24,0.13,0.35,0.23,0.48,0.3,0.29,0.47,0.38,0.347,0.13,0.67,0.13,Stable,-15.56
turso,0.43,0.31,0.54,0.63,0.51,0.24,0.2,0.33,0.27,0.43,0.26,0.14,0.15,0.28,0.33,0.42,0.42,0.3,0.47,0.32,0.349,0.14,0.63,0.13,Decreasing,-25.58
victoriametrics,0.62,0.29,0.65,0.57,0.28,0.51,0.35,0.27,0.43,0.29,0.5,0.37,0.34,0.37,0.25,0.27,0.25,0.46,0.68,0.33,0.404,0.25,0.68,0.14,Decreasing,-46.77
vitess,0.61,0.4,0.35,0.47,0.32,0.34,0.8,0.61,0.26,0.32,0.21,0.46,0.13,0.38,0.5,0.74,0.26,0.25,0.61,0.27,0.414,0.13,0.8,0.182,Decreasing,-55.74
zookeeper,0.18,0.36,0.31,0.45,0.35,0.3,0.25,0.36,0.32,0.35,0.73,0.57,0.13,0.46,0.33,0.26,0.49,0.48,0.33,0.42,0.372,0.13,0.73,0.135,Increasing,133.33
bazaar,0.41,0.41,0.58,0.2,0.2,0.36,0.35,0.3,0.16,0.18,0.25,0.5,0.52,0.46,0.33,0.66,0.49,0.36,0.28,0.14,0.357,0.14,0.66,0.147,Decreasing,-65.85
bitbucket,0.65,0.48,0.25,0.41,0.37,0.29,0.35,0.2,0.23,0.18,0.39,0.26,0.23,0.56,0.63,0.5,0.19,0.38,0.35,0.49,0.37,0.18,0.65,0.145,Decreasing,-24.62
cvs,0.38,0.32,0.48,0.4,0.34,0.32,0.27,0.21,0.36,0.47,0.58,0.48,0.34,0.54,0.41,0.41,0.28,0.7,0.45,0.5,0.412,0.21,0.7,0.117,Increasing,31.58
fossil,0.68,0.37,0.39,0.42,0.53,0.46,0.44,0.46,0.16,0.23,0.37,0.37,0.49,0.74,0.28,0.42,0.34,0.48,0.24,0.36,0.412,0.16,0.74,0.139,Decreasing,-47.06
git,0.0,0.0,0.0,6.413964997710215e-07,0.0006086852782826,0.0018581256598366,0.0033686144167974,0.008338795893523,0.0384882797617596,0.0567244650432493,0.0915465224123179,0.1570478571584339,0.2424581392574424,0.3369396920527125,0.4144575902220386,0.4873580749895131,0.8568717296795968,0.9052400811238293,0.9222236190412662,1.0,0.388,0.13,0.74,0.181,Stable,10.0
github,0.0,0.0,0.0,0.0,0.0001809443389817,0.0005639960975279,0.0009613329354674,0.0025832185236211,0.0072351281741975,0.0144271365717079,0.04291370119,0.0530018771652476,0.0894523735453027,0.1245571625388078,0.1591339326717754,0.1874998677307463,0.3313469136821432,0.9932711985287428,1.0,0.585998294255705,0.355,0.11,0.64,0.143,Stable,3.92
gitlab,0.0,0.0,0.0,0.0,0.0009627286480539,0.001375326640077,0.0056388392243157,0.0134782010727547,0.0499243570347957,0.081144271764544,0.1290056388392243,0.2116627699078531,0.3537340118278091,0.531838811717783,0.72232155136845,0.785036446155962,0.8861229542016229,0.8335854765506808,0.9367349745564572,1.0,0.318,0.16,0.64,0.143,Stable,-6.25
mercurial,0.22,0.49,0.29,0.24,0.2,0.2,0.58,0.51,0.56,0.28,0.14,0.29,0.41,0.4,0.24,0.4,0.65,0.24,0.26,0.51,0.356,0.14,0.65,0.15,Increasing,131.82
monotone,0.31,0.32,0.35,0.27,0.25,0.27,0.33,0.44,0.3,0.49,0.14,0.18,0.55,0.46,0.25,0.62,0.19,0.28,0.16,0.36,0.326,0.14,0.62,0.13,Stable,16.13
perforce,0.64,0.63,0.45,0.35,0.26,0.3,0.37,0.27,0.42,0.39,0.57,0.41,0.27,0.25,0.33,0.25,0.46,0.38,0.25,0.33,0.379,0.25,0.64,0.122,Decreasing,-48.44
sourcetree,0.36,0.54,0.22,0.42,0.19,0.61,0.19,0.69,0.29,0.16,0.35,0.3,0.43,0.3,0.26,0.44,0.19,0.19,0.42,0.62,0.358,0.16,0.69,0.16,Increasing,72.22
svn,0.46,0.27,0.14,0.57,0.51,0.36,0.27,0.2,0.38,0.32,0.17,0.33,0.11,0.15,0.19,0.28,0.46,0.44,0.28,0.17,0.303,0.11,0.57,0.134,Decreasing,-63.04
alibabacloud,0.51,0.29,0.73,0.22,0.46,0.31,0.16,0.18,0.25,0.15,0.25,0.57,0.13,0.45,0.17,0.3,0.24,0.24,0.37,0.3,0.314,0.13,0.73,0.158,Decreasing,-41.18
appwrite,0.27,0.51,0.28,0.46,0.33,0.17,0.27,0.17,0.19,0.17,0.33,0.19,0.42,0.21,0.58,0.78,0.47,0.3,0.14,0.29,0.326,0.14,0.78,0.166,Stable,7.41
azureml,0.0,0.0,0.0,0.0,0.0,0.0,0.0,0.0,0.0,0.0,0.0166204986149584,0.0858725761772853,0.1108033240997229,0.1385041551246537,0.2465373961218836,0.3850415512465374,0.6371191135734072,1.0,0.6842105263157895,0.6869806094182825,0.316,0.13,0.58,0.123,Decreasing,-29.79
bunnyshell,0.41,0.53,0.21,0.14,0.42,0.45,0.35,0.44,0.4,0.4,0.21,0.4,0.35,0.21,0.58,0.17,0.24,0.27,0.17,0.24,0.33,0.14,0.58,0.128,Decreasing,-41.46
cloudflare,0.26,0.33,0.31,0.37,0.37,0.23,0.49,0.27,0.3,0.22,0.41,0.28,0.2,0.45,0.43,0.45,0.36,0.33,0.18,0.66,0.345,0.18,0.66,0.115,Increasing,153.85
deta,0.28,0.36,0.18,0.55,0.29,0.4,0.41,0.32,0.24,0.24,0.4,0.36,0.41,0.48,0.18,0.17,0.23,0.63,0.41,0.48,0.351,0.17,0.63,0.127,Increasing,71.43
digitalocean,0.0,0.0,0.0,0.0,0.0006381620931716,0.0,0.0,0.0006381620931716,0.0031908104658583,0.0619017230376515,0.1665603063178047,0.2131461391193363,0.2463305679642629,0.2763241863433312,0.3905552010210593,0.5366943203573707,0.9246968730057434,1.0,0.7568602425015954,0.6119974473516273,0.385,0.15,0.68,0.18,Stable,-3.08
fly.io,0.23,0.31,0.27,0.3,0.5,0.32,0.23,0.56,0.29,0.2,0.29,0.74,0.31,0.11,0.42,0.15,0.19,0.34,0.47,0.25,0.324,0.11,0.74,0.15,Stable,8.7
gcp,0.0,0.0,0.0,0.0,0.0,9.584052137243626e-05,0.0001916810427448,0.000670883649607,0.0016292888633314,0.0031627372052903,0.0060379528464634,0.0129384703852788,0.0341192256085873,0.1287138202031819,0.275924861031244,0.4631972397929845,0.6776883266244969,0.7063446425148553,0.8219283112900134,1.0,0.324,0.14,0.52,0.113,Decreasing,-34.69
glitch,0.38,0.54,0.59,0.46,0.5,0.17,0.32,0.3,0.4,0.28,0.37,0.31,0.35,0.63,0.36,0.43,0.54,0.15,0.47,0.19,0.387,0.15,0.63,0.135,Decreasing,-50.0
heroku,0.51,0.4,0.29,0.43,0.39,0.37,0.14,0.3,0.4,0.68,0.25,0.22,0.22,0.49,0.57,0.24,0.37,0.33,0.23,0.23,0.353,0.14,0.68,0.136,Decreasing,-54.9
ibmcloud,0.48,0.41,0.63,0.37,0.61,0.42,0.51,0.34,0.52,0.59,0.32,0.37,0.29,0.55,0.54,0.61,0.57,0.23,0.47,0.49,0.466,0.23,0.63,0.117,Stable,2.08
koyeb,0.35,0.53,0.41,0.27,0.3,0.19,0.24,0.38,0.15,0.47,0.27,0.22,0.16,0.29,0.29,0.28,0.24,0.27,0.27,0.24,0.291,0.15,0.53,0.096,Decreasing,-31.43
netlify,0.0,0.0,0.0,0.0,0.0,0.0,0.0,3.698224852071006e-05,0.0001109467455621,0.0004437869822485,0.0011094674556213,0.0028846153846153,0.0073594674556213,0.048335798816568,0.2557692307692307,0.4848002958579882,0.7111316568047338,0.8647559171597633,1.0,0.8321005917159763,0.354,0.13,0.7,0.163,Decreasing,-51.85
oraclecloud,0.6,0.4,0.48,0.26,0.38,0.37,0.37,0.38,0.28,0.28,0.41,0.65,0.43,0.57,0.41,0.41,0.62,0.54,0.51,0.21,0.428,0.21,0.65,0.124,Decreasing,-65.0
railway,0.0,0.0,0.0,0.0,9.946290033817386e-05,0.0002983887010145,0.0006962403023672,0.0026854983091306,0.0069624030236721,0.0124328625422717,0.0170081559578277,0.0237716331808235,0.0420728068430475,0.0690272528346926,0.0980704197334394,0.1239307738213646,0.1585438631390491,0.2519395265565944,0.5251641137855579,1.0,0.369,0.16,0.78,0.167,Decreasing,-27.27
replit,0.39,0.2,0.28,0.2,0.22,0.56,0.18,0.21,0.25,0.38,0.33,0.39,0.35,0.74,0.16,0.54,0.33,0.21,0.45,0.39,0.338,0.16,0.74,0.15,Stable,0.0
render,0.36,0.53,0.37,0.44,0.59,0.18,0.35,0.38,0.17,0.35,0.73,0.26,0.7,0.36,0.41,0.3,0.49,0.16,0.44,0.4,0.399,0.16,0.73,0.156,Stable,11.11
sagemaker,0.21,0.4,0.48,0.2,0.51,0.57,0.34,0.28,0.23,0.4,0.32,0.35,0.12,0.29,0.32,0.4,0.54,0.25,0.18,0.36,0.338,0.12,0.57,0.124,Increasing,71.43
supabase,0.5,0.38,0.35,0.49,0.33,0.37,0.49,0.35,0.31,0.55,0.27,0.33,0.18,0.54,0.26,0.34,0.2,0.17,0.21,0.21,0.342,0.17,0.55,0.121,Decreasing,-58.0
tailscale,0.62,0.38,0.14,0.57,0.36,0.34,0.16,0.17,0.38,0.34,0.15,0.18,0.5,0.21,0.7,0.6,0.42,0.45,0.21,0.15,0.352,0.14,0.7,0.179,Decreasing,-75.81
upstash,0.21,0.22,0.38,0.35,0.35,0.52,0.57,0.29,0.4,0.18,0.27,0.37,0.54,0.34,0.55,0.65,0.22,0.47,0.39,0.56,0.392,0.18,0.65,0.139,Increasing,166.67
vercel,0.23,0.14,0.3,0.43,0.43,0.55,0.33,0.24,0.19,0.13,0.38,0.25,0.31,0.29,0.52,0.2,0.75,0.64,0.23,0.47,0.351,0.13,0.75,0.169,Increasing,104.35
vertexai,0.0,0.0,0.0,0.0,0.0,0.0,0.0,0.0,0.0057142857142857,0.0,0.0,0.0,0.0057142857142857,0.0,0.0,0.0,0.0,0.12,0.3657142857142857,1.0,0.35,0.16,0.62,0.134,Stable,3.7
wasmer,0.27,0.21,0.32,0.53,0.11,0.43,0.31,0.36,0.37,0.38,0.34,0.39,0.41,0.58,0.27,0.21,0.33,0.22,0.37,0.76,0.358,0.11,0.76,0.144,Increasing,181.48
alienvault,0.35,0.28,0.32,0.24,0.17,0.33,0.62,0.25,0.33,0.24,0.27,0.61,0.72,0.28,0.28,0.16,0.23,0.27,0.44,0.57,0.348,0.16,0.72,0.159,Increasing,62.86
atomicredteam,0.33,0.73,0.36,0.3,0.26,0.2,0.33,0.26,0.13,0.43,0.32,0.59,0.5,0.47,0.24,0.25,0.53,0.41,0.22,0.13,0.35,0.13,0.73,0.156,Decreasing,-60.61
autopsy,0.2,0.35,0.51,0.61,0.29,0.4,0.41,0.4,0.33,0.48,0.66,0.26,0.4,0.4,0.2,0.18,0.53,0.49,0.41,0.29,0.39,0.18,0.66,0.132,Stable,45.0
burpsuite,0.63,0.41,0.2,0.33,0.44,0.31,0.19,0.39,0.26,0.4,0.47,0.43,0.3,0.66,0.65,0.45,0.48,0.44,0.38,0.6,0.421,0.19,0.66,0.138,Stable,-4.76
cortexxsoar,0.23,0.27,0.29,0.43,0.53,0.24,0.26,0.34,0.26,0.19,0.48,0.56,0.48,0.49,0.65,0.13,0.21,0.4,0.45,0.22,0.356,0.13,0.65,0.145,Stable,-4.35
cuckoosandbox,0.34,0.55,0.2,0.28,0.25,0.25,0.47,0.42,0.5,0.22,0.3,0.25,0.19,0.21,0.32,0.23,0.48,0.15,0.57,0.27,0.323,0.15,0.57,0.129,Stable,-20.59
cyberchef,0.25,0.16,0.29,0.35,0.34,0.45,0.23,0.53,0.47,0.64,0.54,0.4,0.25,0.29,0.57,0.36,0.18,0.43,0.16,0.15,0.352,0.15,0.64,0.148,Stable,-40.0
cryptography,0.55,0.49,0.35,0.63,0.44,0.35,0.48,0.24,0.26,0.63,0.18,0.25,0.31,0.21,0.27,0.4,0.15,0.57,0.34,0.34,0.372,0.15,0.63,0.147,Decreasing,-38.18
clamav,0.29,0.18,0.21,0.3,0.25,0.29,0.29,0.17,0.29,0.64,0.56,0.36,0.55,0.71,0.15,0.34,0.35,0.38,0.27,0.16,0.337,0.15,0.71,0.16,Decreasing,-44.83
ethicalhacking,0.37,0.66,0.38,0.35,0.52,0.29,0.64,0.43,0.2,0.5,0.26,0.4,0.43,0.46,0.58,0.26,0.43,0.21,0.12,0.13,0.381,0.12,0.66,0.156,Decreasing,-64.86
firewallconfiguration,0.64,0.44,0.38,0.31,0.17,0.18,0.61,0.26,0.17,0.62,0.33,0.54,0.48,0.43,0.32,0.34,0.62,0.3,0.7,0.13,0.398,0.13,0.7,0.177,Decreasing,-79.69
gdpr,0.3,0.21,0.22,0.5,0.32,0.51,0.43,0.42,0.5,0.18,0.26,0.62,0.49,0.19,0.31,0.31,0.14,0.14,0.21,0.21,0.324,0.14,0.62,0.144,Stable,-30.0
ghidra,0.4,0.35,0.3,0.41,0.32,0.34,0.19,0.45,0.57,0.24,0.43,0.56,0.54,0.3,0.24,0.49,0.18,0.29,0.3,0.29,0.36,0.18,0.57,0.118,Decreasing,-27.5
hipaa,0.24,0.44,0.14,0.27,0.44,0.39,0.14,0.38,0.47,0.44,0.41,0.53,0.36,0.19,0.47,0.28,0.26,0.18,0.22,0.34,0.33,0.14,0.53,0.12,Increasing,41.67
incidentresponse,0.34,0.26,0.22,0.16,0.2,0.38,0.18,0.25,0.67,0.2,0.44,0.33,0.43,0.47,0.56,0.35,0.28,0.2,0.25,0.18,0.318,0.16,0.67,0.139,Decreasing,-47.06
iso27001,0.45,0.29,0.27,0.36,0.52,0.6,0.23,0.13,0.36,0.34,0.17,0.21,0.41,0.28,0.4,0.36,0.61,0.25,0.53,0.51,0.364,0.13,0.61,0.139,Stable,13.33
jwt,0.21,0.57,0.26,0.48,0.46,0.36,0.5,0.19,0.32,0.23,0.22,0.16,0.54,0.36,0.3,0.2,0.36,0.2,0.31,0.4,0.332,0.16,0.57,0.126,Increasing,90.48
kismet,0.31,0.35,0.15,0.33,0.33,0.25,0.22,0.22,0.39,0.6,0.35,0.54,0.32,0.45,0.32,0.34,0.39,0.26,0.54,0.17,0.342,0.15,0.6,0.12,Decreasing,-45.16
mitmproxy,0.4,0.54,0.19,0.43,0.3,0.37,0.39,0.4,0.36,0.34,0.34,0.54,0.25,0.39,0.3,0.47,0.54,0.39,0.36,0.48,0.389,0.19,0.54,0.094,Stable,20.0
mitreatt&ck,0.17,0.41,0.3,0.34,0.43,0.14,0.29,0.57,0.35,0.25,0.4,0.34,0.15,0.4,0.57,0.29,0.5,0.51,0.2,0.4,0.351,0.14,0.57,0.13,Increasing,135.29
nist,0.44,0.44,0.55,0.46,0.47,0.29,0.4,0.22,0.33,0.63,0.18,0.59,0.32,0.23,0.44,0.29,0.38,0.3,0.54,0.22,0.386,0.18,0.63,0.131,Decreasing,-50.0
nmap,0.39,0.51,0.46,0.52,0.49,0.43,0.32,0.37,0.34,0.23,0.17,0.32,0.25,0.44,0.28,0.14,0.43,0.52,0.74,0.32,0.384,0.14,0.74,0.141,Stable,-17.95
openvas,0.28,0.61,0.34,0.15,0.25,0.24,0.27,0.29,0.43,0.35,0.35,0.42,0.35,0.17,0.22,0.24,0.44,0.35,0.45,0.31,0.326,0.15,0.61,0.109,Stable,10.71
owasp,0.36,0.22,0.43,0.3,0.23,0.6,0.15,0.23,0.2,0.53,0.73,0.63,0.16,0.31,0.19,0.54,0.11,0.41,0.59,0.53,0.373,0.11,0.73,0.189,Increasing,47.22
pci-dss,0.64,0.48,0.57,0.3,0.23,0.2,0.3,0.46,0.46,0.2,0.2,0.14,0.16,0.15,0.18,0.22,0.39,0.33,0.19,0.3,0.305,0.14,0.64,0.148,Decreasing,-53.12
penetrationtesting,0.0,0.0,0.0,0.0,0.0,0.0,0.0,0.0,0.0,0.03125,0.0,0.0625,0.15625,0.09375,0.25,0.34375,0.59375,0.46875,0.46875,1.0,0.353,0.16,0.66,0.138,Increasing,147.37
radare2,0.35,0.48,0.59,0.23,0.33,0.28,0.3,0.37,0.15,0.19,0.31,0.45,0.65,0.36,0.29,0.28,0.52,0.48,0.28,0.37,0.363,0.15,0.65,0.13,Stable,5.71
saml,0.0,0.0,0.0,0.0,0.002127659574468,0.0074468085106382,0.0159574468085106,0.052127659574468,0.0797872340425532,0.1914893617021276,0.2393617021276596,0.4053191489361702,0.4819148936170213,0.5968085106382979,0.6819148936170213,0.7553191489361702,0.8840425531914894,0.9446808510638298,0.9872340425531916,1.0,0.373,0.14,0.66,0.139,Decreasing,-32.73
securecoding,0.24,0.57,0.51,0.25,0.45,0.37,0.25,0.37,0.47,0.51,0.52,0.44,0.35,0.39,0.48,0.13,0.25,0.53,0.19,0.67,0.397,0.13,0.67,0.143,Increasing,179.17
siem,0.29,0.72,0.19,0.36,0.46,0.22,0.6,0.33,0.23,0.29,0.3,0.22,0.53,0.27,0.61,0.38,0.25,0.21,0.61,0.18,0.362,0.18,0.72,0.166,Decreasing,-37.93
sigmarules,0.52,0.42,0.28,0.32,0.3,0.51,0.36,0.54,0.44,0.35,0.46,0.42,0.37,0.21,0.2,0.31,0.16,0.66,0.49,0.19,0.376,0.16,0.66,0.133,Decreasing,-63.46
socanalysis,0.35,0.45,0.5,0.2,0.19,0.41,0.31,0.2,0.55,0.5,0.2,0.36,0.36,0.63,0.48,0.26,0.19,0.25,0.47,0.32,0.359,0.19,0.63,0.135,Stable,-8.57
soar,0.27,0.44,0.33,0.29,0.76,0.49,0.2,0.21,0.36,0.25,0.56,0.54,0.21,0.63,0.31,0.3,0.44,0.21,0.54,0.16,0.375,0.16,0.76,0.167,Decreasing,-40.74
ssl,0.2,0.18,0.31,0.46,0.31,0.49,0.45,0.13,0.43,0.23,0.26,0.22,0.58,0.68,0.36,0.11,0.3,0.33,0.28,0.27,0.329,0.11,0.68,0.148,Stable,35.0
threatmodeling,0.48,0.49,0.57,0.26,0.42,0.27,0.47,0.4,0.19,0.38,0.36,0.27,0.25,0.15,0.25,0.36,0.5,0.29,0.17,0.62,0.358,0.15,0.62,0.135,Increasing,29.17
tls,0.68,0.18,0.31,0.41,0.3,0.71,0.52,0.43,0.47,0.36,0.36,0.5,0.24,0.39,0.44,0.23,0.19,0.57,0.15,0.48,0.396,0.15,0.71,0.158,Decreasing,-29.41
vulnerabilityscanning,0.38,0.46,0.38,0.35,0.24,0.56,0.33,0.35,0.35,0.26,0.38,0.22,0.41,0.49,0.2,0.6,0.16,0.23,0.33,0.54,0.361,0.16,0.6,0.123,Increasing,42.11
vpn,0.47,0.17,0.57,0.15,0.4,0.5,0.68,0.39,0.53,0.5,0.2,0.37,0.47,0.21,0.46,0.36,0.57,0.39,0.35,0.27,0.4,0.15,0.68,0.145,Decreasing,-42.55
wireshark,0.28,0.22,0.6,0.16,0.21,0.33,0.46,0.23,0.47,0.36,0.75,0.43,0.3,0.38,0.23,0.26,0.29,0.53,0.34,0.23,0.353,0.16,0.75,0.149,Stable,-17.86
yara,0.22,0.29,0.22,0.2,0.44,0.19,0.27,0.28,0.33,0.45,0.22,0.36,0.22,0.34,0.28,0.22,0.29,0.24,0.18,0.39,0.282,0.18,0.45,0.081,Increasing,77.27
zeek,0.19,0.27,0.3,0.19,0.63,0.15,0.23,0.3,0.35,0.48,0.57,0.48,0.25,0.27,0.2,0.48,0.12,0.16,0.29,0.41,0.316,0.12,0.63,0.146,Increasing,115.79
adalo,0.43,0.5,0.45,0.76,0.28,0.18,0.29,0.21,0.28,0.28,0.44,0.56,0.32,0.15,0.23,0.72,0.38,0.15,0.33,0.4,0.367,0.15,0.76,0.171,Stable,-6.98
appgyver,0.56,0.31,0.64,0.45,0.27,0.26,0.31,0.21,0.35,0.34,0.28,0.43,0.4,0.49,0.74,0.56,0.3,0.35,0.26,0.28,0.39,0.21,0.74,0.143,Decreasing,-50.0
capacitor,0.31,0.19,0.22,0.31,0.22,0.3,0.24,0.37,0.57,0.34,0.17,0.2,0.24,0.34,0.3,0.31,0.19,0.39,0.16,0.19,0.278,0.16,0.57,0.098,Decreasing,-38.71
coronasdk,0.47,0.26,0.46,0.31,0.27,0.27,0.52,0.23,0.33,0.27,0.28,0.28,0.85,0.67,0.75,0.31,0.4,0.56,0.31,0.38,0.409,0.23,0.85,0.178,Stable,-19.15
cordova,0.34,0.38,0.31,0.28,0.3,0.54,0.23,0.42,0.57,0.3,0.17,0.27,0.62,0.44,0.27,0.37,0.5,0.31,0.26,0.38,0.363,0.17,0.62,0.12,Stable,11.76
flutter,0.44,0.38,0.57,0.48,0.51,0.44,0.37,0.54,0.58,0.51,0.26,0.45,0.33,0.5,0.16,0.23,0.25,0.21,0.28,0.5,0.4,0.16,0.58,0.13,Stable,13.64
ionic,0.3,0.38,0.23,0.27,0.4,0.6,0.48,0.3,0.22,0.34,0.22,0.26,0.21,0.29,0.31,0.41,0.46,0.17,0.26,0.45,0.328,0.17,0.6,0.11,Increasing,50.0
jetpackcompose,0.14,0.5,0.58,0.32,0.49,0.26,0.3,0.34,0.31,0.24,0.16,0.13,0.2,0.44,0.33,0.16,0.45,0.31,0.26,0.18,0.305,0.13,0.58,0.131,Stable,28.57
kivy,0.25,0.55,0.45,0.46,0.28,0.43,0.35,0.17,0.25,0.18,0.25,0.59,0.62,0.5,0.55,0.7,0.13,0.66,0.47,0.27,0.406,0.13,0.7,0.175,Stable,8.0
kodular,0.27,0.44,0.29,0.3,0.38,0.61,0.55,0.2,0.5,0.19,0.59,0.2,0.43,0.18,0.61,0.3,0.18,0.29,0.72,0.32,0.378,0.18,0.72,0.169,Stable,18.52
mosync,0.34,0.33,0.16,0.17,0.37,0.6,0.16,0.18,0.33,0.18,0.23,0.3,0.16,0.22,0.23,0.43,0.22,0.18,0.44,0.48,0.286,0.16,0.6,0.127,Increasing,41.18
nativescript,0.42,0.3,0.41,0.6,0.13,0.12,0.24,0.36,0.35,0.62,0.25,0.43,0.47,0.39,0.22,0.21,0.23,0.38,0.42,0.32,0.344,0.12,0.62,0.136,Stable,-23.81
reactnative,0.0,0.0,0.0,0.0,0.0,0.0,0.0,0.0,8.562376915831835e-05,8.562376915831835e-05,8.562376915831835e-05,0.0287695864371949,0.1280931586608442,0.3281102834146759,0.443531124240089,0.5084339412620944,0.8355167394468704,0.7903930131004366,0.8070040243171505,1.0,0.358,0.14,0.67,0.146,Stable,17.65
sencha,0.2,0.37,0.14,0.45,0.14,0.15,0.13,0.23,0.66,0.34,0.41,0.31,0.24,0.64,0.33,0.23,0.51,0.44,0.62,0.46,0.35,0.13,0.66,0.171,Increasing,130.0
swiftui,0.32,0.42,0.59,0.44,0.32,0.37,0.48,0.5,0.66,0.6,0.29,0.81,0.45,0.23,0.2,0.16,0.33,0.29,0.23,0.28,0.398,0.16,0.81,0.169,Stable,-12.5
thunkable,0.59,0.28,0.3,0.48,0.47,0.44,0.73,0.55,0.3,0.4,0.34,0.28,0.3,0.21,0.39,0.45,0.39,0.15,0.23,0.48,0.388,0.15,0.73,0.141,Decreasing,-18.64
xamarin,0.4,0.28,0.56,0.21,0.23,0.28,0.15,0.31,0.59,0.17,0.34,0.59,0.59,0.44,0.3,0.78,0.45,0.44,0.53,0.46,0.405,0.15,0.78,0.168,Stable,15.0
amethyst,0.2,0.21,0.43,0.18,0.18,0.5,0.22,0.36,0.44,0.2,0.29,0.27,0.49,0.58,0.28,0.37,0.35,0.33,0.51,0.36,0.338,0.18,0.58,0.123,Increasing,80.0
arkit,0.17,0.36,0.59,0.6,0.26,0.3,0.53,0.33,0.45,0.3,0.56,0.53,0.37,0.22,0.63,0.15,0.24,0.36,0.6,0.26,0.391,0.15,0.63,0.157,Stable,52.94
arcore,0.3,0.28,0.12,0.39,0.33,0.23,0.26,0.35,0.68,0.28,0.25,0.19,0.16,0.42,0.34,0.32,0.21,0.56,0.37,0.45,0.325,0.12,0.68,0.133,Increasing,50.0
augmentedreality,0.32,0.3,0.37,0.11,0.22,0.34,0.28,0.14,0.2,0.37,0.5,0.22,0.3,0.11,0.7,0.43,0.27,0.34,0.22,0.2,0.297,0.11,0.7,0.139,Decreasing,-37.5
babylon.js,0.52,0.54,0.69,0.39,0.19,0.16,0.43,0.31,0.31,0.48,0.21,0.52,0.22,0.5,0.34,0.26,0.51,0.31,0.28,0.57,0.387,0.16,0.69,0.149,Stable,9.62
bevy,0.2,0.18,0.23,0.2,0.19,0.44,0.32,0.12,0.58,0.26,0.42,0.28,0.29,0.61,0.3,0.55,0.25,0.41,0.18,0.43,0.322,0.12,0.61,0.144,Increasing,115.0
blender,0.42,0.25,0.37,0.26,0.71,0.63,0.24,0.49,0.3,0.75,0.14,0.73,0.47,0.17,0.19,0.7,0.15,0.31,0.52,0.65,0.422,0.14,0.75,0.213,Increasing,54.76
cocos2d,0.2,0.39,0.18,0.36,0.17,0.53,0.29,0.48,0.41,0.41,0.26,0.38,0.35,0.47,0.24,0.35,0.4,0.44,0.32,0.32,0.348,0.17,0.53,0.101,Increasing,60.0
construct,0.57,0.38,0.67,0.27,0.41,0.46,0.18,0.3,0.27,0.42,0.39,0.41,0.26,0.42,0.28,0.28,0.15,0.36,0.42,0.31,0.361,0.15,0.67,0.123,Decreasing,-45.61
cryengine,0.52,0.6,0.3,0.6,0.7,0.48,0.14,0.58,0.29,0.33,0.29,0.28,0.27,0.4,0.54,0.33,0.28,0.31,0.49,0.39,0.406,0.14,0.7,0.148,Decreasing,-25.0
gamephysics,0.5,0.15,0.38,0.18,0.5,0.32,0.36,0.64,0.43,0.49,0.7,0.19,0.21,0.33,0.18,0.41,0.23,0.46,0.41,0.58,0.383,0.15,0.7,0.16,Stable,16.0
gamemaker,0.51,0.57,0.33,0.44,0.19,0.46,0.27,0.28,0.48,0.34,0.37,0.31,0.24,0.25,0.57,0.28,0.34,0.43,0.21,0.39,0.363,0.19,0.57,0.115,Decreasing,-23.53
gdevelop,0.29,0.2,0.48,0.34,0.62,0.27,0.16,0.45,0.27,0.24,0.33,0.14,0.38,0.15,0.17,0.37,0.21,0.35,0.28,0.39,0.305,0.14,0.62,0.124,Stable,34.48
godot,0.6,0.3,0.25,0.2,0.18,0.3,0.23,0.56,0.48,0.38,0.37,0.47,0.46,0.46,0.46,0.11,0.31,0.24,0.14,0.25,0.338,0.11,0.6,0.141,Decreasing,-58.33
libgdx,0.32,0.17,0.33,0.5,0.26,0.44,0.21,0.26,0.32,0.41,0.35,0.25,0.26,0.4,0.23,0.26,0.35,0.45,0.16,0.37,0.315,0.16,0.5,0.095,Stable,15.62
lve,0.42,0.12,0.34,0.38,0.3,0.31,0.49,0.17,0.46,0.29,0.26,0.38,0.45,0.37,0.44,0.37,0.13,0.2,0.31,0.42,0.33,0.12,0.49,0.11,Stable,0.0
metaverse,0.61,0.56,0.15,0.17,0.2,0.35,0.18,0.36,0.35,0.25,0.27,0.43,0.32,0.48,0.33,0.24,0.17,0.16,0.39,0.49,0.323,0.15,0.61,0.138,Decreasing,-19.67
monogame,0.16,0.24,0.14,0.44,0.36,0.28,0.46,0.38,0.4,0.32,0.44,0.25,0.56,0.17,0.32,0.33,0.47,0.31,0.59,0.41,0.352,0.14,0.59,0.125,Increasing,156.25
phaser,0.53,0.46,0.4,0.26,0.23,0.52,0.28,0.37,0.34,0.36,0.38,0.39,0.42,0.67,0.21,0.38,0.35,0.56,0.38,0.44,0.396,0.21,0.67,0.113,Stable,-16.98
pico-8,0.43,0.27,0.14,0.58,0.7,0.37,0.32,0.27,0.17,0.41,0.18,0.3,0.37,0.62,0.49,0.19,0.42,0.53,0.43,0.49,0.384,0.14,0.7,0.157,Stable,13.95
scenekit,0.46,0.61,0.31,0.47,0.29,0.53,0.39,0.29,0.3,0.45,0.37,0.29,0.4,0.18,0.23,0.24,0.3,0.51,0.17,0.16,0.348,0.16,0.61,0.127,Decreasing,-65.22
spritekit,0.23,0.29,0.21,0.37,0.46,0.2,0.26,0.15,0.36,0.37,0.26,0.37,0.47,0.34,0.19,0.65,0.73,0.28,0.5,0.44,0.357,0.15,0.73,0.152,Increasing,91.3
tic-80,0.23,0.32,0.36,0.34,0.62,0.26,0.59,0.35,0.33,0.28,0.35,0.28,0.27,0.74,0.61,0.23,0.23,0.29,0.3,0.33,0.366,0.23,0.74,0.149,Stable,43.48
unity,0.34,0.25,0.47,0.59,0.42,0.37,0.28,0.58,0.7,0.4,0.31,0.63,0.63,0.5,0.55,0.21,0.75,0.49,0.39,0.3,0.458,0.21,0.75,0.156,Stable,-11.76
unrealengine,0.34,0.21,0.47,0.3,0.69,0.47,0.33,0.43,0.48,0.27,0.16,0.18,0.22,0.53,0.5,0.52,0.18,0.25,0.53,0.5,0.378,0.16,0.69,0.152,Increasing,47.06
virtualreality,0.28,0.49,0.39,0.13,0.49,0.31,0.19,0.16,0.41,0.2,0.41,0.33,0.41,0.37,0.16,0.43,0.45,0.28,0.37,0.54,0.34,0.13,0.54,0.122,Increasing,92.86
webxr,0.57,0.35,0.38,0.37,0.39,0.64,0.42,0.24,0.35,0.26,0.54,0.19,0.42,0.35,0.27,0.48,0.45,0.14,0.31,0.35,0.374,0.14,0.64,0.125,Decreasing,-38.6
alchemy,0.11,0.12,0.5,0.42,0.31,0.21,0.15,0.26,0.16,0.31,0.59,0.72,0.47,0.36,0.16,0.49,0.39,0.44,0.45,0.37,0.35,0.11,0.72,0.167,Increasing,236.36
chainlink,0.0,0.0,0.0,0.0,0.0,0.0,0.0,0.000473933649289,0.000473933649289,0.0018957345971563,0.0018957345971563,0.0037914691943127,0.0009478672985781,0.0047393364928909,0.0222748815165876,0.0606635071090047,0.1412322274881516,0.5341232227488152,1.0,0.6545023696682465,0.346,0.16,0.62,0.131,Decreasing,-38.71
ethers.js,0.18,0.32,0.26,0.29,0.32,0.59,0.28,0.66,0.46,0.3,0.26,0.57,0.71,0.37,0.39,0.61,0.17,0.29,0.21,0.28,0.376,0.17,0.71,0.165,Stable,55.56
ethereum,0.59,0.21,0.14,0.34,0.22,0.65,0.27,0.2,0.26,0.38,0.22,0.12,0.23,0.49,0.5,0.43,0.4,0.54,0.35,0.41,0.348,0.12,0.65,0.152,Decreasing,-30.51
flow,0.4,0.17,0.54,0.14,0.55,0.31,0.39,0.41,0.26,0.34,0.24,0.41,0.44,0.22,0.3,0.5,0.21,0.53,0.36,0.2,0.346,0.14,0.55,0.128,Decreasing,-50.0
foundry,0.3,0.22,0.69,0.53,0.22,0.17,0.5,0.45,0.21,0.31,0.31,0.32,0.4,0.41,0.22,0.52,0.26,0.22,0.48,0.36,0.355,0.17,0.69,0.139,Stable,20.0
hardhat,0.21,0.41,0.27,0.34,0.35,0.35,0.11,0.14,0.22,0.18,0.31,0.52,0.47,0.33,0.34,0.14,0.32,0.33,0.33,0.44,0.306,0.11,0.52,0.112,Increasing,109.52
hyperledger,0.39,0.5,0.29,0.66,0.45,0.19,0.36,0.23,0.82,0.16,0.56,0.34,0.33,0.51,0.22,0.35,0.41,0.12,0.27,0.44,0.38,0.12,0.82,0.173,Stable,12.82
infura,0.19,0.31,0.14,0.52,0.21,0.33,0.44,0.55,0.48,0.19,0.23,0.3,0.18,0.19,0.54,0.31,0.22,0.14,0.33,0.26,0.303,0.14,0.55,0.135,Stable,36.84
ipfs,0.4,0.83,0.29,0.33,0.36,0.36,0.2,0.13,0.41,0.28,0.52,0.43,0.47,0.52,0.38,0.18,0.14,0.34,0.21,0.58,0.368,0.13,0.83,0.168,Increasing,45.0
moralis,0.62,0.29,0.33,0.22,0.27,0.24,0.34,0.19,0.41,0.23,0.39,0.46,0.34,0.46,0.36,0.44,0.43,0.34,0.14,0.32,0.341,0.14,0.62,0.112,Decreasing,-48.39
nearprotocol,0.59,0.33,0.22,0.41,0.42,0.41,0.25,0.65,0.65,0.32,0.56,0.34,0.37,0.31,0.59,0.33,0.59,0.41,0.37,0.16,0.414,0.16,0.65,0.145,Decreasing,-72.88
nftdevelopment,0.23,0.2,0.22,0.51,0.18,0.42,0.51,0.38,0.54,0.2,0.34,0.48,0.14,0.47,0.39,0.34,0.55,0.41,0.3,0.32,0.356,0.14,0.55,0.13,Stable,39.13
openzeppelin,0.59,0.33,0.35,0.2,0.69,0.39,0.26,0.23,0.15,0.28,0.27,0.32,0.69,0.2,0.19,0.35,0.4,0.16,0.35,0.56,0.348,0.15,0.69,0.165,Stable,-5.08
smartcontracts,0.14,0.52,0.32,0.19,0.38,0.42,0.38,0.27,0.23,0.17,0.13,0.41,0.21,0.31,0.23,0.38,0.49,0.41,0.41,0.31,0.316,0.13,0.52,0.115,Increasing,121.43
solidity,0.3,0.66,0.23,0.55,0.63,0.33,0.34,0.43,0.42,0.22,0.22,0.71,0.24,0.72,0.37,0.34,0.46,0.27,0.4,0.21,0.402,0.21,0.72,0.169,Stable,-30.0
tezos,0.24,0.46,0.54,0.42,0.5,0.33,0.38,0.54,0.38,0.42,0.21,0.34,0.37,0.33,0.24,0.25,0.47,0.33,0.52,0.4,0.384,0.21,0.54,0.102,Increasing,66.67
thegraph,0.14,0.15,0.11,0.38,0.25,0.3,0.41,0.53,0.36,0.45,0.25,0.49,0.42,0.31,0.41,0.18,0.51,0.49,0.32,0.23,0.334,0.11,0.53,0.131,Stable,64.29
truffle,0.48,0.19,0.51,0.31,0.47,0.36,0.35,0.18,0.2,0.24,0.32,0.45,0.5,0.42,0.5,0.43,0.22,0.3,0.57,0.53,0.376,0.18,0.57,0.126,Stable,10.42
wagmi,0.52,0.15,0.23,0.52,0.58,0.22,0.39,0.33,0.31,0.26,0.45,0.29,0.2,0.3,0.27,0.27,0.35,0.35,0.46,0.62,0.354,0.15,0.62,0.132,Stable,19.23
web3.js,0.0,0.0,0.0,0.0,0.0,0.0,0.0,0.0,0.000870322019147,0.0,0.0052219321148825,0.0026109660574412,0.0191470844212358,0.0696257615317667,0.2697998259355961,0.1531766753698868,0.1775456919060052,0.4429939077458659,1.0,0.6135770234986945,0.41,0.18,0.75,0.161,Stable,15.69
abtesting,0.36,0.26,0.4,0.24,0.38,0.37,0.4,0.23,0.28,0.58,0.34,0.27,0.29,0.38,0.17,0.12,0.33,0.21,0.43,0.11,0.308,0.11,0.58,0.113,Decreasing,-69.44
accessibilityguidelines(wcag),0.39,0.21,0.35,0.21,0.23,0.27,0.5,0.33,0.18,0.33,0.18,0.25,0.44,0.38,0.44,0.32,0.38,0.45,0.26,0.11,0.311,0.11,0.5,0.107,Decreasing,-71.79
accessibilitytesting,0.65,0.44,0.29,0.23,0.44,0.23,0.18,0.42,0.49,0.22,0.35,0.31,0.27,0.23,0.28,0.55,0.28,0.56,0.44,0.48,0.367,0.18,0.65,0.135,Decreasing,-26.15
adobexd,0.31,0.2,0.27,0.3,0.42,0.17,0.4,0.21,0.18,0.54,0.32,0.19,0.58,0.44,0.47,0.3,0.58,0.18,0.28,0.41,0.338,0.17,0.58,0.136,Stable,32.26
atomicdesign,0.4,0.41,0.32,0.82,0.28,0.32,0.23,0.22,0.48,0.17,0.34,0.44,0.26,0.26,0.19,0.44,0.26,0.31,0.42,0.59,0.358,0.17,0.82,0.153,Increasing,47.5
balsamiq,0.27,0.48,0.49,0.38,0.2,0.3,0.47,0.31,0.32,0.31,0.55,0.32,0.3,0.34,0.38,0.16,0.37,0.34,0.52,0.12,0.347,0.12,0.55,0.115,Decreasing,-55.56
crazyegg,0.53,0.3,0.41,0.43,0.39,0.58,0.21,0.56,0.32,0.56,0.18,0.69,0.51,0.25,0.39,0.26,0.13,0.39,0.44,0.2,0.386,0.13,0.69,0.154,Decreasing,-62.26
designsystems,0.0,0.0,0.0,0.0,0.0,0.0,0.0,0.0,0.0,0.0,0.0,0.0,0.0909090909090909,0.1515151515151515,0.3333333333333333,0.4545454545454545,0.6363636363636364,0.7575757575757576,0.7878787878787878,1.0,0.342,0.15,0.56,0.133,Decreasing,-32.69
designtokens,0.4,0.43,0.6,0.43,0.28,0.26,0.35,0.2,0.28,0.32,0.17,0.59,0.45,0.39,0.3,0.27,0.8,0.29,0.46,0.23,0.375,0.17,0.8,0.154,Decreasing,-42.5
eyetracking,0.36,0.26,0.17,0.31,0.45,0.15,0.55,0.55,0.58,0.31,0.25,0.76,0.34,0.35,0.36,0.33,0.47,0.32,0.41,0.42,0.385,0.15,0.76,0.146,Stable,16.67
figma,0.37,0.33,0.54,0.28,0.21,0.39,0.6,0.31,0.24,0.71,0.18,0.41,0.35,0.28,0.3,0.46,0.28,0.33,0.63,0.15,0.368,0.15,0.71,0.152,Decreasing,-59.46
framer,0.39,0.27,0.43,0.55,0.18,0.27,0.31,0.34,0.44,0.44,0.37,0.31,0.52,0.25,0.43,0.35,0.23,0.15,0.44,0.31,0.349,0.15,0.55,0.107,Stable,-20.51
fullstory,0.16,0.47,0.17,0.48,0.15,0.41,0.3,0.37,0.26,0.5,0.5,0.34,0.56,0.12,0.48,0.19,0.39,0.58,0.48,0.55,0.373,0.12,0.58,0.152,Increasing,243.75
heuristicevaluation,0.4,0.44,0.51,0.27,0.41,0.32,0.39,0.23,0.39,0.38,0.37,0.49,0.23,0.42,0.23,0.22,0.51,0.37,0.37,0.23,0.359,0.22,0.51,0.096,Decreasing,-42.5
heatmaps,0.61,0.38,0.44,0.41,0.42,0.45,0.34,0.2,0.38,0.45,0.16,0.39,0.16,0.25,0.45,0.22,0.15,0.2,0.26,0.3,0.331,0.15,0.61,0.127,Decreasing,-50.82
invision,0.25,0.18,0.41,0.6,0.29,0.5,0.34,0.13,0.42,0.31,0.28,0.18,0.18,0.51,0.25,0.51,0.3,0.13,0.34,0.41,0.326,0.13,0.6,0.136,Increasing,64.0
lookback,0.39,0.25,0.23,0.66,0.51,0.25,0.47,0.12,0.2,0.37,0.25,0.2,0.54,0.44,0.43,0.37,0.24,0.48,0.18,0.4,0.349,0.12,0.66,0.144,Stable,2.56
marvelapp,0.33,0.23,0.34,0.4,0.31,0.36,0.49,0.44,0.53,0.18,0.13,0.64,0.33,0.29,0.43,0.28,0.53,0.45,0.47,0.35,0.376,0.13,0.64,0.126,Stable,6.06
maze,0.29,0.14,0.24,0.52,0.31,0.25,0.19,0.29,0.48,0.14,0.61,0.15,0.27,0.22,0.52,0.22,0.19,0.4,0.54,0.24,0.31,0.14,0.61,0.147,Stable,-17.24
optimalworkshop,0.5,0.19,0.37,0.45,0.29,0.61,0.52,0.1,0.41,0.76,0.59,0.25,0.26,0.28,0.2,0.34,0.27,0.34,0.71,0.24,0.384,0.1,0.76,0.181,Decreasing,-52.0
prototyping,0.27,0.19,0.19,0.36,0.15,0.4,0.13,0.66,0.26,0.67,0.21,0.6,0.64,0.63,0.3,0.28,0.21,0.26,0.45,0.13,0.35,0.13,0.67,0.191,Decreasing,-51.85
sessionreplay,0.48,0.31,0.63,0.26,0.26,0.25,0.24,0.44,0.26,0.54,0.43,0.36,0.55,0.47,0.24,0.31,0.31,0.2,0.41,0.14,0.354,0.14,0.63,0.132,Decreasing,-70.83
sketch,0.38,0.46,0.35,0.42,0.15,0.33,0.38,0.28,0.52,0.41,0.32,0.6,0.36,0.3,0.51,0.41,0.14,0.31,0.42,0.23,0.364,0.14,0.6,0.115,Decreasing,-39.47
userresearch,0.18,0.27,0.29,0.34,0.27,0.28,0.21,0.62,0.21,0.74,0.31,0.42,0.47,0.22,0.47,0.46,0.37,0.18,0.49,0.58,0.369,0.18,0.74,0.158,Increasing,222.22
usertesting,0.26,0.31,0.42,0.43,0.46,0.58,0.37,0.43,0.29,0.33,0.75,0.27,0.42,0.37,0.53,0.39,0.29,0.28,0.52,0.47,0.409,0.26,0.75,0.123,Increasing,80.77
uxcam,0.36,0.31,0.62,0.26,0.14,0.18,0.48,0.32,0.62,0.65,0.4,0.34,0.28,0.31,0.26,0.48,0.25,0.6,0.23,0.14,0.362,0.14,0.65,0.162,Decreasing,-61.11
uxpin,0.27,0.33,0.25,0.43,0.26,0.39,0.52,0.15,0.29,0.51,0.22,0.18,0.42,0.5,0.22,0.16,0.24,0.23,0.29,0.13,0.3,0.13,0.52,0.122,Decreasing,-51.85
wireframing,0.33,0.35,0.47,0.24,0.26,0.43,0.33,0.31,0.41,0.49,0.3,0.39,0.31,0.18,0.37,0.38,0.26,0.25,0.19,0.2,0.322,0.18,0.49,0.09,Decreasing,-39.39
zeplin,0.34,0.54,0.36,0.21,0.44,0.51,0.36,0.32,0.3,0.38,0.28,0.4,0.56,0.37,0.46,0.5,0.25,0.34,0.23,0.27,0.371,0.21,0.56,0.103,Stable,-20.59
aircrack-ng,0.0,0.0,0.0,0.0,0.0,0.0,0.015625,0.046875,0.09375,0.140625,0.15625,0.453125,0.484375,0.484375,0.828125,0.671875,0.78125,0.859375,0.734375,1.0,0.353,0.11,0.63,0.163,Stable,3.7
bgp,0.21,0.55,0.12,0.4,0.49,0.5,0.22,0.36,0.64,0.19,0.26,0.19,0.42,0.32,0.23,0.14,0.3,0.42,0.5,0.43,0.344,0.12,0.64,0.148,Increasing,104.76
cacti,0.42,0.34,0.4,0.2,0.24,0.33,0.36,0.48,0.53,0.52,0.45,0.14,0.33,0.17,0.34,0.28,0.15,0.28,0.55,0.33,0.342,0.14,0.55,0.125,Stable,-21.43
cisco,0.11,0.32,0.46,0.35,0.5,0.18,0.26,0.3,0.38,0.52,0.36,0.47,0.38,0.32,0.39,0.45,0.19,0.65,0.17,0.31,0.354,0.11,0.65,0.134,Increasing,181.82
ciscopackettracer,0.3,0.74,0.54,0.39,0.47,0.27,0.41,0.16,0.37,0.63,0.12,0.55,0.47,0.3,0.32,0.52,0.17,0.75,0.25,0.39,0.406,0.12,0.75,0.18,Stable,30.0
dhcp,0.43,0.5,0.47,0.44,0.34,0.36,0.72,0.21,0.47,0.5,0.19,0.21,0.37,0.26,0.44,0.24,0.2,0.38,0.44,0.36,0.377,0.19,0.72,0.133,Stable,-16.28
dns,0.52,0.14,0.31,0.52,0.3,0.42,0.26,0.68,0.49,0.41,0.22,0.11,0.52,0.34,0.45,0.26,0.47,0.38,0.27,0.4,0.374,0.11,0.68,0.143,Decreasing,-23.08
ettercap,0.31,0.4,0.22,0.38,0.18,0.35,0.43,0.14,0.35,0.48,0.3,0.43,0.46,0.38,0.62,0.46,0.26,0.5,0.2,0.15,0.35,0.14,0.62,0.129,Decreasing,-51.61
ethtool,0.64,0.2,0.13,0.25,0.35,0.44,0.39,0.35,0.49,0.35,0.21,0.37,0.42,0.51,0.34,0.25,0.37,0.59,0.3,0.33,0.364,0.13,0.64,0.128,Decreasing,-48.44
firewalld,0.2,0.35,0.48,0.2,0.5,0.39,0.24,0.3,0.39,0.28,0.2,0.52,0.35,0.41,0.49,0.4,0.31,0.19,0.19,0.17,0.328,0.17,0.52,0.117,Stable,-15.0
firewalls,0.36,0.21,0.4,0.36,0.2,0.59,0.63,0.43,0.18,0.34,0.45,0.29,0.39,0.46,0.26,0.24,0.12,0.31,0.2,0.55,0.348,0.12,0.63,0.142,Increasing,52.78
icmp,0.32,0.38,0.34,0.45,0.5,0.34,0.41,0.33,0.27,0.24,0.48,0.36,0.45,0.43,0.42,0.22,0.19,0.43,0.28,0.21,0.353,0.19,0.5,0.094,Decreasing,-34.38
iperf,0.18,0.62,0.22,0.29,0.54,0.56,0.28,0.3,0.42,0.39,0.31,0.21,0.22,0.19,0.32,0.24,0.28,0.21,0.33,0.3,0.321,0.18,0.62,0.126,Increasing,66.67
iproute2,0.41,0.42,0.15,0.26,0.23,0.22,0.33,0.51,0.41,0.47,0.29,0.59,0.28,0.36,0.45,0.18,0.18,0.39,0.37,0.49,0.35,0.15,0.59,0.123,Stable,19.51
ipsec,0.34,0.29,0.64,0.26,0.34,0.27,0.19,0.42,0.42,0.18,0.29,0.58,0.18,0.42,0.32,0.43,0.2,0.39,0.18,0.28,0.331,0.18,0.64,0.129,Stable,-17.65
iptables,0.19,0.27,0.59,0.27,0.66,0.27,0.44,0.32,0.63,0.4,0.6,0.61,0.42,0.47,0.18,0.13,0.37,0.48,0.39,0.16,0.392,0.13,0.66,0.168,Stable,-15.79
kerberos,0.41,0.58,0.67,0.36,0.26,0.56,0.44,0.35,0.18,0.26,0.2,0.3,0.29,0.63,0.32,0.24,0.51,0.38,0.24,0.16,0.367,0.16,0.67,0.153,Decreasing,-60.98
lantopologies,0.16,0.41,0.63,0.32,0.48,0.19,0.37,0.59,0.41,0.49,0.69,0.37,0.24,0.29,0.51,0.39,0.33,0.33,0.28,0.22,0.385,0.16,0.69,0.145,Stable,37.5
ldap,0.46,0.56,0.34,0.19,0.23,0.34,0.34,0.34,0.54,0.39,0.25,0.14,0.33,0.29,0.24,0.44,0.43,0.31,0.19,0.47,0.341,0.14,0.56,0.117,Stable,2.17
linux,0.0,0.0,0.0,0.0,0.0022100629155007,0.0096601137113016,0.0212807671057087,0.0435774502290266,0.0921631881939864,0.1422817117293742,0.2029158572014187,0.303135081184166,0.3996292797690128,0.52676136667439,0.6084624021958045,0.6679202238579857,0.7690484253301727,0.778833300657672,0.916873117436327,1.0,0.371,0.11,0.73,0.161,Increasing,148.0
macos,0.72,0.32,0.29,0.51,0.24,0.33,0.58,0.54,0.27,0.15,0.28,0.2,0.19,0.28,0.24,0.21,0.4,0.15,0.74,0.22,0.343,0.15,0.74,0.18,Decreasing,-69.44
nagios,0.25,0.39,0.23,0.28,0.31,0.26,0.51,0.22,0.22,0.29,0.21,0.37,0.26,0.22,0.44,0.53,0.28,0.22,0.22,0.31,0.301,0.21,0.53,0.098,Stable,24.0
netcat,0.33,0.65,0.25,0.34,0.44,0.13,0.15,0.21,0.2,0.37,0.15,0.46,0.26,0.23,0.47,0.45,0.63,0.48,0.37,0.52,0.355,0.13,0.65,0.156,Increasing,57.58
netplan,0.41,0.34,0.42,0.21,0.34,0.42,0.19,0.39,0.28,0.46,0.27,0.44,0.4,0.29,0.24,0.46,0.21,0.13,0.31,0.27,0.324,0.13,0.46,0.099,Decreasing,-34.15
ntopng,0.27,0.26,0.21,0.29,0.34,0.47,0.34,0.55,0.41,0.34,0.33,0.41,0.17,0.16,0.31,0.72,0.35,0.14,0.24,0.62,0.346,0.14,0.72,0.151,Increasing,129.63
observium,0.5,0.25,0.37,0.12,0.23,0.38,0.42,0.25,0.33,0.4,0.54,0.41,0.35,0.64,0.2,0.35,0.47,0.31,0.34,0.24,0.355,0.12,0.64,0.124,Decreasing,-52.0
openwrt,0.36,0.46,0.18,0.29,0.6,0.18,0.41,0.42,0.73,0.14,0.28,0.43,0.16,0.31,0.4,0.4,0.24,0.57,0.13,0.2,0.345,0.13,0.73,0.165,Decreasing,-44.44
opnsense,0.14,0.28,0.35,0.43,0.59,0.45,0.36,0.43,0.19,0.34,0.32,0.37,0.56,0.31,0.24,0.42,0.37,0.18,0.15,0.39,0.344,0.14,0.59,0.123,Increasing,178.57
pfsense,0.18,0.31,0.34,0.31,0.43,0.4,0.26,0.12,0.32,0.64,0.29,0.27,0.26,0.39,0.45,0.25,0.49,0.13,0.31,0.15,0.315,0.12,0.64,0.128,Stable,-16.67
radius,0.53,0.52,0.61,0.31,0.7,0.27,0.34,0.45,0.22,0.43,0.47,0.2,0.27,0.15,0.67,0.71,0.38,0.37,0.13,0.28,0.4,0.13,0.71,0.179,Decreasing,-47.17
routing&switching,0.35,0.19,0.19,0.5,0.46,0.53,0.33,0.25,0.17,0.27,0.29,0.42,0.54,0.59,0.29,0.3,0.21,0.2,0.32,0.38,0.339,0.17,0.59,0.129,Stable,8.57
rtos,0.31,0.35,0.26,0.39,0.13,0.27,0.27,0.34,0.75,0.4,0.41,0.18,0.18,0.4,0.13,0.41,0.24,0.23,0.21,0.43,0.314,0.13,0.75,0.141,Increasing,38.71
snmp,0.34,0.54,0.27,0.24,0.18,0.28,0.12,0.15,0.55,0.31,0.25,0.43,0.42,0.35,0.22,0.24,0.38,0.24,0.33,0.2,0.302,0.12,0.55,0.118,Decreasing,-41.18
tcpip,0.19,0.38,0.49,0.45,0.26,0.39,0.2,0.26,0.37,0.44,0.33,0.54,0.61,0.43,0.22,0.14,0.39,0.59,0.31,0.21,0.36,0.14,0.61,0.137,Stable,10.53
tcpdump,0.31,0.35,0.35,0.31,0.44,0.41,0.42,0.33,0.49,0.49,0.52,0.25,0.32,0.35,0.38,0.44,0.4,0.14,0.54,0.38,0.381,0.14,0.54,0.095,Stable,22.58
tinc,0.34,0.44,0.42,0.64,0.16,0.35,0.29,0.37,0.24,0.43,0.29,0.41,0.22,0.36,0.47,0.4,0.68,0.57,0.33,0.24,0.382,0.16,0.68,0.135,Decreasing,-29.41
traceroute,0.72,0.39,0.37,0.33,0.35,0.52,0.29,0.28,0.23,0.42,0.15,0.57,0.2,0.35,0.27,0.17,0.53,0.3,0.44,0.43,0.366,0.15,0.72,0.143,Decreasing,-40.28
unix,0.33,0.32,0.2,0.21,0.47,0.15,0.6,0.31,0.13,0.29,0.37,0.15,0.4,0.17,0.32,0.3,0.14,0.26,0.18,0.21,0.275,0.13,0.6,0.122,Decreasing,-36.36
wifipineapple,0.32,0.15,0.24,0.26,0.27,0.7,0.41,0.42,0.47,0.25,0.28,0.26,0.32,0.31,0.2,0.17,0.25,0.47,0.37,0.5,0.331,0.15,0.7,0.132,Increasing,56.25
windowsserver,0.35,0.45,0.45,0.31,0.37,0.71,0.2,0.36,0.57,0.42,0.3,0.23,0.13,0.4,0.43,0.25,0.38,0.34,0.34,0.32,0.366,0.13,0.71,0.128,Stable,-8.57
wiresharkcli,0.34,0.18,0.4,0.53,0.41,0.43,0.17,0.19,0.3,0.21,0.36,0.29,0.36,0.49,0.2,0.33,0.35,0.33,0.34,0.5,0.336,0.17,0.53,0.107,Increasing,47.06
zabbix,0.31,0.47,0.28,0.28,0.43,0.4,0.43,0.18,0.18,0.33,0.51,0.43,0.37,0.5,0.4,0.18,0.16,0.31,0.34,0.58,0.354,0.16,0.58,0.121,Increasing,87.1
zerotier,0.48,0.14,0.14,0.19,0.3,0.29,0.23,0.5,0.46,0.51,0.23,0.49,0.26,0.24,0.17,0.2,0.26,0.52,0.55,0.56,0.336,0.14,0.56,0.152,Stable,16.67
